E (cm-1),0->2	,E (cm-1),0->4	,E (cm-1),0->6	,E (cm-1),0->8	
10.95,0.06881203,36.5,0.003761857,76.5,0.0006290606,132.0,9.255464e-05
11.0,0.09055278,36.6,0.004580454,76.6,0.0007533719,133.0,0.0003629292
11.05,0.09727775,36.7,0.005648664,76.7,0.0009412835,134.0,0.0002565397
11.1,0.108162,36.8,0.006731341,76.8,0.001141651,135.0,0.0005122513
11.15,0.120998,36.9,0.007789758,76.9,0.001341025,136.0,0.0004659076
11.2,0.134329,37.0,0.00882848,77.0,0.001537426,137.0,0.0004269587
11.25,0.147548,37.1,0.009870234,77.1,0.001733497,138.0,0.0005053138
11.3,0.160389,37.2,0.01094029,77.2,0.001933707,139.0,0.0005464398
11.35,0.172778,37.3,0.01206232,77.3,0.002142259,140.0,0.0005408767
11.4,0.184743,37.4,0.01328641,77.4,0.002365449,141.0,0.0005603412
11.45,0.196376,37.5,0.01477296,77.5,0.002621032,142.0,0.0005967375
11.5,0.207795,37.6,0.01708438,77.6,0.002963563,143.0,0.0006241907
11.55,0.219132,37.7,0.02271255,77.7,0.00357706,144.0,0.0006434856
11.6,0.230531,37.8,0.04671141,77.8,0.005222375,145.0,0.0006653615
11.65,0.242125,37.9,0.0742549,77.9,0.01053697,146.0,0.000691747
11.7,0.25404,38.0,0.11116,78.0,0.01956192,147.0,0.00071905
11.75,0.266415,38.1,0.127308,78.1,0.02219065,148.0,0.0007450234
11.8,0.279416,38.2,0.08353739,78.2,0.02601636,149.0,0.0007704135
11.85,0.293296,38.3,0.04820397,78.3,0.0133105,150.0,0.0007964685
11.9,0.308443,38.4,0.03824981,78.4,0.009098147,151.0,0.0008238133
11.95,0.325487,38.5,0.03437426,78.5,0.007577864,152.0,0.0008520209
12.0,0.345484,38.6,0.03259327,78.6,0.006889077,153.0,0.0008804102
12.05,0.370216,38.7,0.0317383,78.7,0.006538852,154.0,0.000908763
12.1,0.402847,38.8,0.03136094,78.8,0.006353914,155.0,0.0009373582
12.15,0.449296,38.9,0.03125892,78.9,0.006260372,156.0,0.0009664624
12.2,0.521526,39.0,0.031333,79.0,0.006222783,157.0,0.000995977
12.25,0.646502,39.1,0.03153449,79.1,0.006223243,158.0,0.001025746
12.3,0.895015,39.2,0.03184356,79.2,0.006253056,159.0,0.001055841
12.35,1.49876,39.3,0.03225976,79.3,0.00630911,160.0,0.001086455
12.4,3.40253,39.4,0.03279916,79.4,0.006392368,161.0,0.001117692
12.45,6.84797,39.5,0.03349561,79.5,0.006507545,162.0,0.001149498
12.5,8.31248,39.6,0.03440647,79.6,0.006663705,163.0,0.001181763
12.55,7.42012,39.7,0.03562335,79.7,0.00687577,164.0,0.001214422
12.6,3.74029,39.8,0.03728847,79.8,0.007167061,165.0,0.001247445
12.65,2.3022,39.9,0.03961398,79.9,0.007572656,166.0,0.001280823
12.7,1.61745,40.0,0.04288535,80.0,0.008141975,167.0,0.001314597
12.75,1.26036,40.1,0.04738897,80.1,0.00893469,168.0,0.001348873
12.8,1.0647,40.2,0.05314731,80.2,0.009995943,169.0,0.00138374
12.85,0.946991,40.3,0.05947914,80.3,0.01129685,170.0,0.001419195
12.9,0.871157,40.4,0.06498725,80.4,0.01267091,171.0,0.001455156
12.95,0.820023,40.5,0.06847932,80.5,0.01384431,172.0,0.001491544
13.0,0.784513,40.6,0.06965321,80.6,0.01458023,173.0,0.00152836
13.05,0.75944,40.7,0.06885368,80.7,0.01479276,174.0,0.001565672
13.1,0.741662,40.8,0.06675478,80.8,0.01455234,175.0,0.001603542
13.15,0.729168,40.9,0.0640999,80.9,0.01402532,176.0,0.001641976
13.2,0.720642,41.0,0.06144563,81.0,0.01338629,177.0,0.001680946
13.25,0.715189,41.1,0.05908306,81.1,0.01275629,178.0,0.001720445
13.3,0.712192,41.2,0.05710746,81.2,0.01219482,179.0,0.001760507
13.35,0.711231,41.3,0.05551299,81.3,0.01172019,180.0,0.001801168
13.4,0.712018,41.4,0.05425552,81.4,0.0113304,181.0,0.001842417
13.45,0.714359,41.5,0.05328352,81.5,0.01101589,182.0,0.001884193
13.5,0.71815,41.6,0.05255046,81.6,0.01076572,183.0,0.001926422
13.55,0.723338,41.7,0.05201823,81.7,0.01056997,184.0,0.001969073
13.6,0.729919,41.8,0.05165728,81.8,0.0104205,185.0,0.002012161
13.65,0.737948,41.9,0.05144567,81.9,0.01031093,186.0,0.002055717
13.7,0.74751,42.0,0.05136775,82.0,0.01023651,187.0,0.002099739
13.75,0.758738,42.1,0.05141323,82.1,0.01019386,188.0,0.002144169
13.8,0.771811,42.2,0.0515761,82.2,0.01018073,189.0,0.00218891
13.85,0.786948,42.3,0.05185379,82.3,0.01019579,190.0,0.002233836
13.9,0.804434,42.4,0.05224624,82.4,0.01023846,191.0,0.002278753
13.95,0.824611,42.5,0.05275457,82.5,0.0103086,192.0,0.00232326
14.0,0.847892,42.6,0.05337977,82.6,0.01040628,193.0,0.002366244
14.05,0.874794,42.7,0.05412052,82.7,0.01053143,194.0,0.002402762
14.1,0.905934,42.8,0.05497117,82.8,0.01068336,195.0,0.002416858
14.15,0.942063,42.9,0.05591934,82.9,0.01086033,196.0,0.002458949
14.2,0.984101,43.0,0.05694423,83.0,0.01105911,197.0,0.002571927
14.25,1.03316,43.1,0.0580163,83.1,0.01127471,198.0,0.002681028
14.3,1.09057,43.2,0.0590986,83.2,0.01150034,199.0,0.002669906
14.35,1.15795,43.3,0.06015044,83.3,0.01172783,200.0,0.002778887
14.4,1.23718,43.4,0.06113227,83.4,0.0119483,201.0,0.002776084
14.45,1.33046,43.5,0.06201076,83.5,0.01215314,202.0,0.002794065
14.5,1.44024,43.6,0.06276284,83.6,0.012335,203.0,0.002879587
14.55,1.56905,43.7,0.06337723,83.7,0.01248849,204.0,0.002905234
14.6,1.71927,43.8,0.06385422,83.8,0.01261065,205.0,0.002970934
14.65,1.89253,43.9,0.06420353,83.9,0.01270096,206.0,0.003031407
14.7,2.08881,44.0,0.06444142,84.0,0.012761,207.0,0.003080416
14.75,2.30525,44.1,0.06458785,84.1,0.01279399,208.0,0.003136344
14.8,2.53467,44.2,0.06466378,84.2,0.01280417,209.0,0.003198017
14.85,2.76457,44.3,0.06468936,84.3,0.01279621,210.0,0.003257147
14.9,2.9774,44.4,0.06468275,84.4,0.01277478,211.0,0.003315561
14.95,3.1531,44.5,0.06465932,84.5,0.01274425,212.0,0.003375965
15.0,3.27368,44.6,0.06463174,84.6,0.01270837,213.0,0.003437933
15.05,3.3283,44.7,0.0646099,84.7,0.01267036,214.0,0.003500233
15.1,3.3163,44.8,0.06460131,84.8,0.01263278,215.0,0.003562801
15.15,3.24648,44.9,0.06461158,84.9,0.01259766,216.0,0.003626158
15.2,3.1336,45.0,0.06464461,85.0,0.01256652,217.0,0.00369068
15.25,2.99394,45.1,0.06470316,85.1,0.01254047,218.0,0.003756374
15.3,2.84193,45.2,0.06478903,85.2,0.01252033,219.0,0.003823092
15.35,2.68851,45.3,0.06490327,85.3,0.01250663,220.0,0.003890698
15.4,2.54101,45.4,0.06504653,85.4,0.01249972,221.0,0.003959177
15.45,2.40369,45.5,0.06521896,85.5,0.0124998,222.0,0.004028557
15.5,2.27858,45.6,0.06542045,85.6,0.01250695,223.0,0.004098788
15.55,2.16627,45.7,0.06565059,85.7,0.01252115,224.0,0.004169763
15.6,2.06644,45.8,0.06590867,85.8,0.01254231,225.0,0.004241435
15.65,1.97831,45.9,0.06619376,85.9,0.01257023,226.0,0.004313907
15.7,1.90091,46.0,0.06650457,86.0,0.01260468,227.0,0.004387366
15.75,1.83319,46.1,0.06683952,86.1,0.01264531,228.0,0.004461985
15.8,1.77415,46.2,0.06719671,86.2,0.01269175,229.0,0.004537833
15.85,1.72285,46.3,0.06757385,86.3,0.01274351,230.0,0.004614857
15.9,1.67845,46.4,0.06796838,86.4,0.01280004,231.0,0.004692912
15.95,1.64023,46.5,0.06837741,86.5,0.01286074,232.0,0.004771846
16.0,1.60755,46.6,0.0687978,86.6,0.01292494,233.0,0.004851577
16.05,1.57987,46.7,0.06922626,86.7,0.0129919,234.0,0.00493213
16.1,1.55671,46.8,0.06965939,86.8,0.01306087,235.0,0.005013597
16.15,1.53769,46.9,0.07009384,86.9,0.01313105,236.0,0.005096072
16.2,1.52247,47.0,0.07052639,87.0,0.01320167,237.0,0.005179619
16.25,1.51078,47.1,0.07095428,87.1,0.01327198,238.0,0.005264279
16.3,1.50238,47.2,0.0713744,87.2,0.01334125,239.0,0.005350092
16.35,1.4971,47.3,0.07178482,87.3,0.01340884,240.0,0.005437096
16.4,1.49477,47.4,0.07218386,87.4,0.0134742,241.0,0.005525302
16.45,1.49528,47.5,0.07257042,87.5,0.01353688,242.0,0.005614677
16.5,1.49855,47.6,0.07294386,87.6,0.01359654,243.0,0.005705155
16.55,1.5045,47.7,0.07330415,87.7,0.01365297,244.0,0.005796666
16.6,1.5131,47.8,0.07365169,87.8,0.01370606,245.0,0.005889179
16.65,1.52431,47.9,0.07398723,87.9,0.01375582,246.0,0.005982719
16.7,1.53811,48.0,0.07431192,88.0,0.01380237,247.0,0.006077356
16.75,1.55452,48.1,0.07462706,88.1,0.01384588,248.0,0.006173187
16.8,1.57354,48.2,0.07493415,88.2,0.01388662,249.0,0.006270296
16.85,1.59516,48.3,0.07523474,88.3,0.01392489,250.0,0.006368731
16.9,1.61941,48.4,0.07553034,88.4,0.01396101,251.0,0.006468491
16.95,1.64628,48.5,0.07582248,88.5,0.01399533,252.0,0.006569536
17.0,1.67578,48.6,0.07611257,88.6,0.01402821,253.0,0.006671814
17.05,1.70786,48.7,0.07640185,88.7,0.01405996,254.0,0.006775295
17.1,1.7425,48.8,0.07669154,88.8,0.01409093,255.0,0.00687999
17.15,1.77962,48.9,0.0769826,88.9,0.01412139,256.0,0.006985946
17.2,1.8191,49.0,0.07727593,89.0,0.01415164,257.0,0.007093217
17.25,1.86081,49.1,0.07757226,89.1,0.01418189,258.0,0.007201841
17.3,1.90453,49.2,0.07787218,89.2,0.01421239,259.0,0.007311823
17.35,1.95003,49.3,0.07817619,89.3,0.01424329,260.0,0.007423142
17.4,1.997,49.4,0.07848467,89.4,0.01427478,261.0,0.007535783
17.45,2.04506,49.5,0.07879787,89.5,0.01430697,262.0,0.007649754
17.5,2.0938,49.6,0.07911603,89.6,0.01433997,263.0,0.007765096
17.55,2.14275,49.7,0.07943925,89.7,0.01437388,264.0,0.007881868
17.6,2.19137,49.8,0.07976758,89.8,0.01440876,265.0,0.008000128
17.65,2.2391,49.9,0.08010102,89.9,0.01444465,266.0,0.008119904
17.7,2.28536,50.0,0.08043949,90.0,0.01448159,267.0,0.008241198
17.75,2.32955,50.1,0.08078289,90.1,0.01451958,268.0,0.008363987
17.8,2.37109,50.2,0.08113106,90.2,0.01455862,269.0,0.008488248
17.85,2.40942,50.3,0.08148375,90.3,0.01459869,270.0,0.008613976
17.9,2.44407,50.4,0.08184077,90.4,0.01463975,271.0,0.008741194
17.95,2.47459,50.5,0.08220178,90.5,0.01468176,272.0,0.008869952
18.0,2.50066,50.6,0.08256647,90.6,0.01472465,273.0,0.00900032
18.05,2.52204,50.7,0.0829345,90.7,0.01476837,274.0,0.009132379
18.1,2.53859,50.8,0.08330548,90.8,0.01481281,275.0,0.009266235
18.15,2.55029,50.9,0.08367904,90.9,0.0148579,276.0,0.009402069
18.2,2.55721,51.0,0.08405478,91.0,0.01490354,277.0,0.009540365
18.25,2.55954,51.1,0.08443229,91.1,0.01494964,278.0,0.00968393
18.3,2.55753,51.2,0.08481123,91.2,0.01499609,279.0,0.009833126
18.35,2.55149,51.3,0.08519125,91.3,0.01504279,280.0,0.009989219
18.4,2.54181,51.4,0.08557198,91.4,0.01508965,281.0,0.01010544
18.45,2.52891,51.5,0.08595321,91.5,0.01513658,282.0,0.01023233
18.5,2.5132,51.6,0.08633466,91.6,0.0151835,283.0,0.01039931
18.55,2.49514,51.7,0.08671615,91.7,0.01523034,284.0,0.01052823
18.6,2.47514,51.8,0.08709757,91.8,0.01527704,285.0,0.01069153
18.65,2.45364,51.9,0.08747879,91.9,0.01532354,286.0,0.01083181
18.7,2.43101,52.0,0.08785981,92.0,0.01536981,287.0,0.01099185
18.75,2.40762,52.1,0.08824061,92.1,0.01541581,288.0,0.01115288
18.8,2.3838,52.2,0.08862122,92.2,0.01546154,289.0,0.01130281
18.85,2.35985,52.3,0.08900174,92.3,0.01550699,290.0,0.01146177
18.9,2.33602,52.4,0.08938224,92.4,0.01555216,291.0,0.01162305
18.95,2.31255,52.5,0.0897628,92.5,0.01559705,292.0,0.011784
19.0,2.28961,52.6,0.09014357,92.6,0.01564168,293.0,0.01194736
19.05,2.26739,52.7,0.09052466,92.7,0.01568608,294.0,0.01211337
19.1,2.24602,52.8,0.09090616,92.8,0.01573026,295.0,0.01228119
19.15,2.22561,52.9,0.09128822,92.9,0.01577426,296.0,0.01245051
19.2,2.20624,53.0,0.09167089,93.0,0.01581809,297.0,0.01262156
19.25,2.18799,53.1,0.09205429,93.1,0.01586178,298.0,0.01279441
19.3,2.17092,53.2,0.0924385,93.2,0.01590536,299.0,0.012969
19.35,2.15505,53.3,0.09282355,93.3,0.01594885,300.0,0.01314531
19.4,2.14043,53.4,0.09320954,93.4,0.01599227,301.0,0.01332348
19.45,2.12707,53.5,0.0935965,93.5,0.01603566,302.0,0.01350365
19.5,2.11497,53.6,0.09398444,93.6,0.01607903,303.0,0.01368594
19.55,2.10415,53.7,0.09437345,93.7,0.01612239,304.0,0.01387042
19.6,2.09458,53.8,0.09476354,93.8,0.01616578,305.0,0.01405707
19.65,2.08628,53.9,0.09515472,93.9,0.0162092,306.0,0.01424584
19.7,2.07921,54.0,0.09554706,94.0,0.01625268,307.0,0.01443665
19.75,2.07338,54.1,0.09594059,94.1,0.01629624,308.0,0.01462945
19.8,2.06875,54.2,0.09633532,94.2,0.01633987,309.0,0.0148242
19.85,2.0653,54.3,0.09673134,94.3,0.01638362,310.0,0.01502086
19.9,2.06303,54.4,0.09712865,94.4,0.01642748,311.0,0.01521946
19.95,2.06189,54.5,0.09752732,94.5,0.01647147,312.0,0.01542005
20.0,2.06187,54.6,0.0979274,94.6,0.01651561,313.0,0.0156227
20.05,2.06293,54.7,0.09832891,94.7,0.01655991,314.0,0.0158275
20.1,2.06505,54.8,0.09873192,94.8,0.01660437,315.0,0.01603451
20.15,2.06819,54.9,0.09913648,94.9,0.016649,316.0,0.01624382
20.2,2.07233,55.0,0.09954259,95.0,0.01669382,317.0,0.01645544
20.25,2.07742,55.1,0.09995033,95.1,0.01673893,318.0,0.01666939
20.3,2.08343,55.2,0.10036,95.2,0.01678412,319.0,0.01688563
20.35,2.09032,55.3,0.100771,95.3,0.0168295,320.0,0.01710415
20.4,2.09805,55.4,0.101183,95.4,0.01687507,321.0,0.01732491
20.45,2.10658,55.5,0.101598,95.5,0.01692082,322.0,0.01754789
20.5,2.11586,55.6,0.102014,95.6,0.01696675,323.0,0.01777307
20.55,2.12584,55.7,0.102432,95.7,0.01701285,324.0,0.01800046
20.6,2.13647,55.8,0.102851,95.8,0.01705912,325.0,0.01823007
20.65,2.1477,55.9,0.103272,95.9,0.01710554,326.0,0.01846194
20.7,2.15946,56.0,0.103695,96.0,0.0171521,327.0,0.01869613
20.75,2.17171,56.1,0.104119,96.1,0.0171988,328.0,0.01893269
20.8,2.18439,56.2,0.104545,96.2,0.01724563,329.0,0.01917171
20.85,2.19742,56.3,0.104972,96.3,0.01729257,330.0,0.01941322
20.9,2.21075,56.4,0.105401,96.4,0.01733961,331.0,0.0196573
20.95,2.22431,56.5,0.105831,96.5,0.01738676,332.0,0.01990395
21.0,2.23803,56.6,0.106263,96.6,0.017434,333.0,0.02015318
21.05,2.25184,56.7,0.106695,96.7,0.01748132,334.0,0.02040496
21.1,2.26569,56.8,0.10713,96.8,0.01752872,335.0,0.02065922
21.15,2.27949,56.9,0.107565,96.9,0.01757619,336.0,0.02091595
21.2,2.29318,57.0,0.108002,97.0,0.01762374,337.0,0.02117509
21.25,2.3067,57.1,0.10844,97.1,0.01767135,338.0,0.02143666
21.3,2.31998,57.2,0.108879,97.2,0.01771902,339.0,0.02170068
21.35,2.33296,57.3,0.109319,97.3,0.01776676,340.0,0.0219672
21.4,2.34558,57.4,0.10976,97.4,0.01781456,341.0,0.02223629
21.45,2.35779,57.5,0.110202,97.5,0.01786243,342.0,0.02250805
21.5,2.36952,57.6,0.110645,97.6,0.01791035,343.0,0.02278254
21.55,2.38074,57.7,0.11109,97.7,0.01795833,344.0,0.02305984
21.6,2.3914,57.8,0.111535,97.8,0.01800638,345.0,0.02333998
21.65,2.40146,57.9,0.111981,97.9,0.01805449,346.0,0.02362296
21.7,2.41089,58.0,0.112428,98.0,0.01810266,347.0,0.02390876
21.75,2.41966,58.1,0.112877,98.1,0.01815089,348.0,0.02419732
21.8,2.42775,58.2,0.113326,98.2,0.01819919,349.0,0.02448861
21.85,2.43515,58.3,0.113776,98.3,0.01824755,350.0,0.02478257
21.9,2.44185,58.4,0.114227,98.4,0.01829597,351.0,0.0250792
21.95,2.44784,58.5,0.114679,98.5,0.01834447,352.0,0.02537849
22.0,2.45313,58.6,0.115133,98.6,0.01839303,353.0,0.0256805
22.05,2.45773,58.7,0.115587,98.7,0.01844166,354.0,0.0259853
22.1,2.46164,58.8,0.116042,98.8,0.01849037,355.0,0.02629297
22.15,2.46489,58.9,0.116499,98.9,0.01853914,356.0,0.02660362
22.2,2.46751,59.0,0.116957,99.0,0.018588,357.0,0.0269173
22.25,2.46951,59.1,0.117416,99.1,0.01863693,358.0,0.02723406
22.3,2.47092,59.2,0.117876,99.2,0.01868594,359.0,0.02755391
22.35,2.47179,59.3,0.118338,99.3,0.01873504,360.0,0.02787683
22.4,2.47215,59.4,0.118801,99.4,0.01878422,361.0,0.02820277
22.45,2.47203,59.5,0.119265,99.5,0.01883349,362.0,0.02853168
22.5,2.47147,59.6,0.119731,99.6,0.01888285,363.0,0.02886354
22.55,2.47051,59.7,0.120198,99.7,0.0189323,364.0,0.02919833
22.6,2.4692,59.8,0.120667,99.8,0.01898184,365.0,0.02953606
22.65,2.46757,59.9,0.121137,99.9,0.01903147,366.0,0.02987678
22.7,2.46567,60.0,0.121609,100.0,0.01908119,367.0,0.03022053
22.75,2.46353,60.1,0.122083,101.0,0.01958313,368.0,0.03056739
22.8,2.46119,60.2,0.122558,102.0,0.02009139,369.0,0.0309174
22.85,2.4587,60.3,0.123035,103.0,0.02060465,370.0,0.03127062
22.9,2.45608,60.4,0.123513,104.0,0.02112636,371.0,0.03162709
22.95,2.45337,60.5,0.123993,105.0,0.02165944,372.0,0.03198682
23.0,2.45061,60.6,0.124474,106.0,0.02220144,373.0,0.0323498
23.05,2.44782,60.7,0.124957,107.0,0.02274707,374.0,0.03271602
23.1,2.44503,60.8,0.125441,108.0,0.02329444,375.0,0.03308538
23.15,2.44228,60.9,0.125927,109.0,0.02384739,376.0,0.03345759
23.2,2.43958,61.0,0.126415,110.0,0.02441067,377.0,0.03383194
23.25,2.43697,61.1,0.126903,111.0,0.02498485,378.0,0.03421097
23.3,2.43446,61.2,0.127393,112.0,0.02556646,379.0,0.03459717
23.35,2.43207,61.3,0.127885,113.0,0.02615185,380.0,0.03498693
23.4,2.42982,61.4,0.128377,114.0,0.02674064,381.0,0.03537207
23.45,2.42773,61.5,0.128871,115.0,0.02733562,382.0,0.0357686
23.5,2.42581,61.6,0.129366,116.0,0.02794007,383.0,0.03616082
23.55,2.42408,61.7,0.129863,117.0,0.02855544,384.0,0.0365581
23.6,2.42254,61.8,0.13036,118.0,0.02918106,385.0,0.03696328
23.65,2.42121,61.9,0.130858,119.0,0.02981502,386.0,0.03736811
23.7,2.42009,62.0,0.131358,120.0,0.03045551,387.0,0.03777907
23.75,2.4192,62.1,0.131858,121.0,0.0311014,388.0,0.03819281
23.8,2.41854,62.2,0.13236,122.0,0.03175249,389.0,0.03860957
23.85,2.41811,62.3,0.132862,123.0,0.03240865,390.0,0.03903031
23.9,2.41792,62.4,0.133365,124.0,0.03306566,391.0,0.03945475
23.95,2.41798,62.5,0.13387,125.0,0.03367986,392.0,0.03988251
24.0,2.41828,62.6,0.134375,126.0,0.03282439,393.0,0.04031375
24.05,2.41883,62.7,0.134881,127.0,0.03329042,394.0,0.04074862
24.1,2.41962,62.8,0.135389,128.0,0.03579275,395.0,0.0411871
24.15,2.42066,62.9,0.135897,129.0,0.03662153,396.0,0.04162918
24.2,2.42195,63.0,0.136406,130.0,0.03724551,397.0,0.04207493
24.25,2.42349,63.1,0.136916,131.0,0.03813235,398.0,0.04252441
24.3,2.42526,63.2,0.137427,132.0,0.03864584,399.0,0.04297766
24.35,2.42727,63.3,0.13794,133.0,0.03886465,400.0,0.0434347
24.4,2.42952,63.4,0.138453,134.0,0.03987248,401.0,0.04389556
24.45,2.432,63.5,0.138968,135.0,0.04010672,402.0,0.04436022
24.5,2.43471,63.6,0.139483,136.0,0.04101691,403.0,0.0448287
24.55,2.43763,63.7,0.14,137.0,0.04189609,404.0,0.04530099
24.6,2.44077,63.8,0.140518,138.0,0.04255026,405.0,0.04577709
24.65,2.44411,63.9,0.141038,139.0,0.04328845,406.0,0.046257
24.7,2.44765,64.0,0.141558,140.0,0.04413076,407.0,0.04674073
24.75,2.45139,64.1,0.14208,141.0,0.04493502,408.0,0.04722831
24.8,2.45531,64.2,0.142604,142.0,0.04571564,409.0,0.04771977
24.85,2.4594,64.3,0.143128,143.0,0.04652335,410.0,0.04821513
24.9,2.46365,64.4,0.143654,144.0,0.04735938,411.0,0.04871442
24.95,2.46806,64.5,0.144182,145.0,0.04820358,412.0,0.04921769
25.0,2.47261,64.6,0.144711,146.0,0.04905145,413.0,0.04972497
25.05,2.4773,64.7,0.145241,147.0,0.04990839,414.0,0.05023629
25.1,2.48211,64.8,0.145773,148.0,0.05077791,415.0,0.05075167
25.15,2.48703,64.9,0.146306,149.0,0.05165881,416.0,0.05127112
25.2,2.49204,65.0,0.146841,150.0,0.05254962,417.0,0.05179467
25.25,2.49715,65.1,0.147377,151.0,0.05345049,418.0,0.0523223
25.3,2.50233,65.2,0.147915,152.0,0.05436345,419.0,0.05285404
25.35,2.50758,65.3,0.148454,153.0,0.05529033,420.0,0.05338988
25.4,2.51288,65.4,0.148995,154.0,0.05623078,421.0,0.05392983
25.45,2.51821,65.5,0.149537,155.0,0.05718272,422.0,0.05447391
25.5,2.52358,65.6,0.15008,156.0,0.05814441,423.0,0.05502213
25.55,2.52896,65.7,0.150625,157.0,0.0591159,424.0,0.05557451
25.6,2.53435,65.8,0.151172,158.0,0.06009889,425.0,0.05613108
25.65,2.53974,65.9,0.15172,159.0,0.06109351,426.0,0.05669186
25.7,2.54511,66.0,0.152269,160.0,0.06210093,427.0,0.0572569
25.75,2.55045,66.1,0.152819,161.0,0.06312157,428.0,0.05782622
25.8,2.55576,66.2,0.153371,162.0,0.06415555,429.0,0.05839988
25.85,2.56102,66.3,0.153924,163.0,0.0652026,430.0,0.05897789
25.9,2.56623,66.4,0.154479,164.0,0.06626208,431.0,0.05956028
25.95,2.57137,66.5,0.155035,165.0,0.06733346,432.0,0.06014706
26.0,2.57645,66.6,0.155592,166.0,0.0684166,433.0,0.06073824
26.05,2.58145,66.7,0.156151,167.0,0.06951163,434.0,0.06133382
26.1,2.58638,66.8,0.156711,168.0,0.07061887,435.0,0.06193378
26.15,2.59121,66.9,0.157272,169.0,0.07173877,436.0,0.06253813
26.2,2.59596,67.0,0.157834,170.0,0.07287193,437.0,0.06314687
26.25,2.6006,67.1,0.158398,171.0,0.07401898,438.0,0.06376002
26.3,2.60516,67.2,0.158964,172.0,0.07518145,439.0,0.06437759
26.35,2.60961,67.3,0.159531,173.0,0.07635675,440.0,0.06499962
26.4,2.61396,67.4,0.160099,174.0,0.07754545,441.0,0.06562617
26.45,2.6182,67.5,0.160668,175.0,0.07874701,442.0,0.06625726
26.5,2.62235,67.6,0.16124,176.0,0.07996124,443.0,0.06689296
26.55,2.62639,67.7,0.161812,177.0,0.08118829,444.0,0.06753329
26.6,2.63032,67.8,0.162386,178.0,0.08242858,445.0,0.06817829
26.65,2.63416,67.9,0.162962,179.0,0.08368255,446.0,0.06882796
26.7,2.6379,68.0,0.16354,180.0,0.0849507,447.0,0.06948232
26.75,2.64154,68.1,0.164119,181.0,0.08623341,448.0,0.07014135
26.8,2.64509,68.2,0.1647,182.0,0.08753095,449.0,0.07080505
26.85,2.64854,68.3,0.165283,183.0,0.08884322,450.0,0.07147339
26.9,2.65191,68.4,0.165868,184.0,0.09016983,451.0,0.07214639
26.95,2.65519,68.5,0.166455,185.0,0.09151024,452.0,0.07282406
27.0,2.6584,68.6,0.167044,186.0,0.09286407,453.0,0.07350642
27.05,2.66153,68.7,0.167636,187.0,0.09423454,454.0,0.0741935
27.1,2.66458,68.8,0.16823,188.0,0.09561627,455.0,0.07488534
27.15,2.66757,68.9,0.168826,189.0,0.09701285,456.0,0.07558198
27.2,2.6705,69.0,0.169426,190.0,0.09842485,457.0,0.07628347
27.25,2.67337,69.1,0.170028,191.0,0.0998525,458.0,0.07698984
27.3,2.67618,69.2,0.170634,192.0,0.101296,459.0,0.07770112
27.35,2.67895,69.3,0.171243,193.0,0.102755,460.0,0.07841733
27.4,2.68167,69.4,0.171856,194.0,0.104235,461.0,0.07913849
27.45,2.68435,69.5,0.172474,195.0,0.105789,462.0,0.0798646
27.5,2.68699,69.6,0.173097,196.0,0.107293,463.0,0.08059567
27.55,2.68961,69.7,0.173725,197.0,0.10873,464.0,0.08133169
27.6,2.69219,69.8,0.17436,198.0,0.110268,465.0,0.08207268
27.65,2.69476,69.9,0.175002,199.0,0.111802,466.0,0.08281862
27.7,2.69731,70.0,0.175654,200.0,0.113351,467.0,0.08356954
27.75,2.69984,70.1,0.176316,201.0,0.114944,468.0,0.08432543
27.8,2.70237,70.2,0.176993,202.0,0.116696,469.0,0.08508633
27.85,2.70488,70.3,0.177689,203.0,0.118173,470.0,0.08585225
27.9,2.7074,70.4,0.178409,204.0,0.119828,471.0,0.08662323
27.95,2.70992,70.5,0.179167,205.0,0.121472,472.0,0.0873993
28.0,2.71244,70.6,0.179983,206.0,0.123111,473.0,0.0881805
28.05,2.71497,70.7,0.180897,207.0,0.124788,474.0,0.08896686
28.1,2.71751,70.8,0.181959,208.0,0.12648,475.0,0.08975843
28.15,2.72007,70.9,0.181996,209.0,0.128177,476.0,0.09055521
28.2,2.72265,71.0,0.180708,210.0,0.129893,477.0,0.09135725
28.25,2.72525,71.1,0.182405,211.0,0.131629,478.0,0.09216454
28.3,2.72787,71.2,0.183918,212.0,0.133379,479.0,0.0929771
28.35,2.73053,71.3,0.184986,213.0,0.135143,480.0,0.09379492
28.4,2.73321,71.4,0.181836,214.0,0.136922,481.0,0.094618
28.45,2.73593,71.5,0.18086,215.0,0.138717,482.0,0.09544635
28.5,2.73869,71.6,0.182705,216.0,0.140528,483.0,0.09627996
28.55,2.74148,71.7,0.184166,217.0,0.142354,484.0,0.09711885
28.6,2.74432,71.8,0.185381,218.0,0.144197,485.0,0.09796301
28.65,2.7472,71.9,0.186504,219.0,0.146056,486.0,0.09881249
28.7,2.75013,72.0,0.187628,220.0,0.147944,487.0,0.0996673
28.75,2.7531,72.1,0.188817,221.0,0.149837,488.0,0.100527
28.8,2.75613,72.2,0.190035,222.0,0.151747,489.0,0.101393
28.85,2.75922,72.3,0.190278,223.0,0.153673,490.0,0.102265
28.9,2.76236,72.4,0.188973,224.0,0.155614,491.0,0.103141
28.95,2.76556,72.5,0.187776,225.0,0.15757,492.0,0.104023
29.0,2.76882,72.6,0.186075,226.0,0.159542,493.0,0.10491
29.05,2.77214,72.7,0.188395,227.0,0.161531,494.0,0.105803
29.1,2.77553,72.8,0.189839,228.0,0.163535,495.0,0.106702
29.15,2.77901,72.9,0.190993,229.0,0.165557,496.0,0.107606
29.2,2.78254,73.0,0.19202,230.0,0.167596,497.0,0.108516
29.25,2.78614,73.1,0.19299,231.0,0.169652,498.0,0.109432
29.3,2.7898,73.2,0.19394,232.0,0.171726,499.0,0.110353
29.35,2.79355,73.3,0.194901,233.0,0.173817,500.0,0.111279
29.4,2.79737,73.4,0.1959,234.0,0.175925,,
29.45,2.80128,73.5,0.196971,235.0,0.178049,,
29.5,2.80526,73.6,0.198119,236.0,0.180188,,
29.55,2.80933,73.7,0.199021,237.0,0.182343,,
29.6,2.81349,73.8,0.197694,238.0,0.18453,,
29.65,2.81774,73.9,0.200348,239.0,0.186719,,
29.7,2.82208,74.0,0.200567,240.0,0.188925,,
29.75,2.82653,74.1,0.192465,241.0,0.191149,,
29.8,2.83108,74.2,0.196271,242.0,0.193392,,
29.85,2.83574,74.3,0.198099,243.0,0.195653,,
29.9,2.84051,74.4,0.199398,244.0,0.197932,,
29.95,2.84542,74.5,0.200483,245.0,0.200228,,
30.0,2.85046,74.6,0.201463,246.0,0.202541,,
30.1,2.861,74.7,0.202386,247.0,0.204869,,
30.2,2.8723,74.8,0.203279,248.0,0.207214,,
30.3,2.88458,74.9,0.20416,249.0,0.209576,,
30.4,2.89828,75.0,0.205042,250.0,0.211954,,
30.5,2.91419,75.1,0.20594,251.0,0.21435,,
30.6,2.93416,75.2,0.20687,252.0,0.216764,,
30.7,2.9635,75.3,0.207854,253.0,0.219197,,
30.8,3.02327,75.4,0.208922,254.0,0.221649,,
30.9,2.81992,75.5,0.210089,255.0,0.224119,,
31.0,2.91559,75.6,0.211038,256.0,0.226629,,
31.1,2.97443,75.7,0.208818,257.0,0.229135,,
31.2,3.04596,75.8,0.2159,258.0,0.231659,,
31.3,3.06039,75.9,0.208783,259.0,0.2342,,
31.4,2.71315,76.0,0.206131,260.0,0.236757,,
31.5,2.83957,76.1,0.207889,261.0,0.239332,,
31.6,2.89501,76.2,0.209921,262.0,0.241924,,
31.7,2.93022,76.3,0.211334,263.0,0.244533,,
31.8,2.95903,76.4,0.212526,264.0,0.247162,,
31.9,2.98714,76.5,0.212866,265.0,0.249809,,
32.0,3.01925,76.6,0.213649,266.0,0.252476,,
32.1,3.06264,76.7,0.214333,267.0,0.255161,,
32.2,3.1173,76.8,0.214972,268.0,0.257865,,
32.3,3.05893,76.9,0.215595,269.0,0.260588,,
32.4,2.89363,77.0,0.216214,270.0,0.263328,,
32.5,2.75459,77.1,0.216835,271.0,0.266087,,
32.6,2.89462,77.2,0.217462,272.0,0.268862,,
32.7,2.94292,77.3,0.218097,273.0,0.271655,,
32.8,2.97288,77.4,0.218747,274.0,0.274465,,
32.9,2.99599,77.5,0.219414,275.0,0.277317,,
33.0,3.01602,77.6,0.220073,276.0,0.280163,,
33.1,3.03483,77.7,0.220566,277.0,0.283028,,
33.2,3.05368,77.8,0.219917,278.0,0.285908,,
33.3,3.07385,77.9,0.213675,279.0,0.288767,,
33.4,3.09717,78.0,0.207149,280.0,0.291666,,
33.5,3.127,78.1,0.20324,281.0,0.294681,,
33.6,3.16806,78.2,0.199369,282.0,0.297657,,
33.7,3.154,78.3,0.211368,283.0,0.300621,,
33.8,3.20842,78.4,0.216302,284.0,0.303635,,
33.9,3.12047,78.5,0.218716,285.0,0.306639,,
34.0,2.69325,78.6,0.220273,286.0,0.309674,,
34.1,2.945,78.7,0.221456,287.0,0.312722,,
34.2,3.01403,78.8,0.222445,288.0,0.315779,,
34.3,3.04918,78.9,0.223323,289.0,0.318875,,
34.4,3.07354,79.0,0.224131,290.0,0.321982,,
34.5,3.09305,79.1,0.224893,291.0,0.325107,,
34.6,3.11005,79.2,0.225621,292.0,0.328254,,
34.7,3.12568,79.3,0.226321,293.0,0.331421,,
34.8,3.14063,79.4,0.226995,294.0,0.334606,,
34.9,3.15541,79.5,0.22764,295.0,0.337839,,
35.0,3.17046,79.6,0.22825,296.0,0.341063,,
35.1,3.18631,79.7,0.228811,297.0,0.344304,,
35.2,3.20372,79.8,0.229299,298.0,0.347564,,
35.3,3.22399,79.9,0.229678,299.0,0.350842,,
35.4,3.24972,80.0,0.229893,300.0,0.354138,,
35.5,3.28608,80.1,0.229869,301.0,0.357453,,
35.6,3.29618,80.2,0.229539,302.0,0.360786,,
35.7,3.31887,80.3,0.228909,303.0,0.364138,,
35.8,3.10267,80.4,0.228144,304.0,0.36751,,
35.9,3.36818,80.5,0.22754,305.0,0.370901,,
36.0,3.04136,80.6,0.227354,306.0,0.374313,,
36.1,3.14383,80.7,0.227682,307.0,0.377744,,
36.2,3.1845,80.8,0.228464,308.0,0.381195,,
36.3,3.21115,80.9,0.229546,309.0,0.384665,,
36.4,3.2456,81.0,0.230763,310.0,0.388154,,
36.5,3.24447,81.1,0.231998,311.0,0.391661,,
36.6,3.2585,81.2,0.23319,312.0,0.395187,,
36.7,3.27113,81.3,0.234316,313.0,0.39873,,
36.8,3.283,81.4,0.235373,314.0,0.402291,,
36.9,3.29447,81.5,0.236369,315.0,0.405871,,
37.0,3.30577,81.6,0.237309,316.0,0.409501,,
37.1,3.31711,81.7,0.238203,317.0,0.413119,,
37.2,3.32869,81.8,0.239057,318.0,0.416757,,
37.3,3.34077,81.9,0.239875,319.0,0.420416,,
37.4,3.3538,82.0,0.240662,320.0,0.424095,,
37.5,3.36846,82.1,0.241421,321.0,0.427794,,
37.6,3.38588,82.2,0.242153,322.0,0.431513,,
37.7,3.4067,82.3,0.242859,323.0,0.43525,,
37.8,3.40597,82.4,0.24354,324.0,0.439006,,
37.9,3.32666,82.5,0.244194,325.0,0.44278,,
38.0,3.29834,82.6,0.244821,326.0,0.446572,,
38.1,3.23782,82.7,0.24542,327.0,0.450382,,
38.2,3.23509,82.8,0.245991,328.0,0.45421,,
38.3,3.30005,82.9,0.246534,329.0,0.458056,,
38.4,3.33412,83.0,0.247052,330.0,0.461922,,
38.5,3.35601,83.1,0.247548,331.0,0.465808,,
38.6,3.37268,83.2,0.248028,332.0,0.469714,,
38.7,3.38645,83.3,0.248501,333.0,0.47364,,
38.8,3.3986,83.4,0.248974,334.0,0.477586,,
38.9,3.40975,83.5,0.249459,335.0,0.481553,,
39.0,3.42023,83.6,0.249962,336.0,0.485538,,
39.1,3.43027,83.7,0.25049,337.0,0.489542,,
39.2,3.43999,83.8,0.251048,338.0,0.493598,,
39.3,3.44949,83.9,0.251637,339.0,0.497638,,
39.4,3.45882,84.0,0.252257,340.0,0.501697,,
39.5,3.46799,84.1,0.252904,341.0,0.505774,,
39.6,3.477,84.2,0.253577,342.0,0.509869,,
39.7,3.48579,84.3,0.254269,343.0,0.513982,,
39.8,3.49421,84.4,0.254979,344.0,0.518115,,
39.9,3.502,84.5,0.255701,345.0,0.522267,,
40.0,3.50866,84.6,0.256431,346.0,0.52644,,
40.1,3.51344,84.7,0.257167,347.0,0.530632,,
40.2,3.51556,84.8,0.257906,348.0,0.534845,,
40.3,3.51493,84.9,0.258646,349.0,0.539077,,
40.4,3.51293,85.0,0.259385,350.0,0.543328,,
40.5,3.51173,85.1,0.260123,351.0,0.547597,,
40.6,3.51276,85.2,0.260857,352.0,0.551886,,
40.7,3.51649,85.3,0.261588,353.0,0.556192,,
40.8,3.52271,85.4,0.262315,354.0,0.560516,,
40.9,3.53078,85.5,0.263037,355.0,0.564858,,
41.0,3.53991,85.6,0.263754,356.0,0.569218,,
41.1,3.54953,85.7,0.264467,357.0,0.573596,,
41.2,3.55927,85.8,0.265174,358.0,0.577993,,
41.3,3.56893,85.9,0.265876,359.0,0.58241,,
41.4,3.57843,86.0,0.266572,360.0,0.586878,,
41.5,3.58775,86.1,0.267264,361.0,0.591334,,
41.6,3.59689,86.2,0.267951,362.0,0.595809,,
41.7,3.60586,86.3,0.268633,363.0,0.600304,,
41.8,3.61468,86.4,0.269311,364.0,0.604818,,
41.9,3.62335,86.5,0.269985,365.0,0.609351,,
42.0,3.63189,86.6,0.270656,366.0,0.613901,,
42.1,3.6403,86.7,0.271325,367.0,0.61847,,
42.2,3.64859,86.8,0.271991,368.0,0.623057,,
42.3,3.65676,86.9,0.272656,369.0,0.627661,,
42.4,3.66479,87.0,0.27332,370.0,0.632283,,
42.5,3.67268,87.1,0.273985,371.0,0.636923,,
42.6,3.68041,87.2,0.274651,372.0,0.641581,,
42.7,3.68797,87.3,0.275318,373.0,0.646258,,
42.8,3.69533,87.4,0.275988,374.0,0.650954,,
42.9,3.70249,87.5,0.27666,375.0,0.655669,,
43.0,3.70944,87.6,0.277336,376.0,0.660404,,
43.1,3.71619,87.7,0.278015,377.0,0.665159,,
43.2,3.72278,87.8,0.278699,378.0,0.669932,,
43.3,3.72925,87.9,0.279386,379.0,0.67472,,
43.4,3.73565,88.0,0.280076,380.0,0.679528,,
43.5,3.74204,88.1,0.280771,381.0,0.684355,,
43.6,3.74847,88.2,0.281469,382.0,0.689198,,
43.7,3.755,88.3,0.282171,383.0,0.694061,,
43.8,3.76166,88.4,0.282876,384.0,0.698978,,
43.9,3.76847,88.5,0.283583,385.0,0.703869,,
44.0,3.77544,88.6,0.284294,386.0,0.708785,,
44.1,3.78257,88.7,0.285006,387.0,0.713717,,
44.2,3.78983,88.8,0.28572,388.0,0.718668,,
44.3,3.79722,88.9,0.286437,389.0,0.723637,,
44.4,3.80472,89.0,0.287154,390.0,0.728625,,
44.5,3.81231,89.1,0.287873,391.0,0.733632,,
44.6,3.81997,89.2,0.288592,392.0,0.738656,,
44.7,3.82767,89.3,0.289313,393.0,0.7437,,
44.8,3.83542,89.4,0.290034,394.0,0.748761,,
44.9,3.84319,89.5,0.290755,395.0,0.753839,,
45.0,3.85097,89.6,0.291477,396.0,0.758935,,
45.1,3.85876,89.7,0.292199,397.0,0.764049,,
45.2,3.86655,89.8,0.292921,398.0,0.769179,,
45.3,3.87433,89.9,0.293643,399.0,0.774327,,
45.4,3.88209,90.0,0.294366,400.0,0.779491,,
45.5,3.88983,90.1,0.295088,401.0,0.784673,,
45.6,3.89755,90.2,0.29581,402.0,0.789872,,
45.7,3.90524,90.3,0.296533,403.0,0.795089,,
45.8,3.9129,90.4,0.297255,404.0,0.800324,,
45.9,3.92053,90.5,0.297978,405.0,0.805577,,
46.0,3.92813,90.6,0.2987,406.0,0.810847,,
46.1,3.93569,90.7,0.299423,407.0,0.816135,,
46.2,3.94321,90.8,0.300146,408.0,0.821441,,
46.3,3.9507,90.9,0.30087,409.0,0.826793,,
46.4,3.95815,91.0,0.301594,410.0,0.832133,,
46.5,3.96557,91.1,0.302318,411.0,0.83749,,
46.6,3.97295,91.2,0.303043,412.0,0.842864,,
46.7,3.9803,91.3,0.303768,413.0,0.848254,,
46.8,3.98763,91.4,0.304495,414.0,0.853661,,
46.9,3.99493,91.5,0.305222,415.0,0.859085,,
47.0,4.00221,91.6,0.30595,416.0,0.864525,,
47.1,4.00978,91.7,0.306679,417.0,0.869982,,
47.2,4.01705,91.8,0.307409,418.0,0.875456,,
47.3,4.02431,91.9,0.308141,419.0,0.880947,,
47.4,4.03157,92.0,0.308873,420.0,0.886455,,
47.5,4.03883,92.1,0.309607,421.0,0.89198,,
47.6,4.04611,92.2,0.310342,422.0,0.897522,,
47.7,4.05339,92.3,0.311078,423.0,0.903081,,
47.8,4.06069,92.4,0.311815,424.0,0.908657,,
47.9,4.06801,92.5,0.312554,425.0,0.914248,,
48.0,4.07535,92.6,0.313294,426.0,0.919857,,
48.1,4.08271,92.7,0.314035,427.0,0.925481,,
48.2,4.09008,92.8,0.314777,428.0,0.931121,,
48.3,4.09748,92.9,0.31552,429.0,0.936778,,
48.4,4.10489,93.0,0.316265,430.0,0.94245,,
48.5,4.11232,93.1,0.31701,431.0,0.948139,,
48.6,4.11976,93.2,0.317757,432.0,0.953843,,
48.7,4.12722,93.3,0.318505,433.0,0.959564,,
48.8,4.13469,93.4,0.319254,434.0,0.965327,,
48.9,4.14218,93.5,0.320003,435.0,0.97108,,
49.0,4.14967,93.6,0.320754,436.0,0.976849,,
49.1,4.15717,93.7,0.321506,437.0,0.982634,,
49.2,4.16468,93.8,0.322258,438.0,0.988435,,
49.3,4.17219,93.9,0.323012,439.0,0.994251,,
49.4,4.1797,94.0,0.323767,440.0,1.00008,,
49.5,4.18722,94.1,0.324522,441.0,1.00593,,
49.6,4.19473,94.2,0.325278,442.0,1.0118,,
49.7,4.20225,94.3,0.326035,443.0,1.01767,,
49.8,4.20976,94.4,0.326793,444.0,1.02357,,
49.9,4.21727,94.5,0.327552,445.0,1.02948,,
50.0,4.22478,94.6,0.328311,446.0,1.0354,,
50.1,4.23228,94.7,0.329071,447.0,1.04134,,
50.2,4.23978,94.8,0.329833,448.0,1.0473,,
50.3,4.24727,94.9,0.330594,449.0,1.05327,,
50.4,4.25475,95.0,0.331357,450.0,1.05926,,
50.5,4.26222,95.1,0.332124,451.0,1.06526,,
50.6,4.26969,95.2,0.332888,452.0,1.07127,,
50.7,4.27714,95.3,0.333652,453.0,1.0773,,
50.8,4.28459,95.4,0.334418,454.0,1.08335,,
50.9,4.29203,95.5,0.335184,455.0,1.08941,,
51.0,4.29946,95.6,0.335951,456.0,1.09549,,
51.1,4.30688,95.7,0.336718,457.0,1.10158,,
51.2,4.31429,95.8,0.337486,458.0,1.10768,,
51.3,4.3217,95.9,0.338255,459.0,1.1138,,
51.4,4.32909,96.0,0.339024,460.0,1.11993,,
51.5,4.33648,96.1,0.339795,461.0,1.12611,,
51.6,4.34387,96.2,0.340566,462.0,1.13227,,
51.7,4.35125,96.3,0.341337,463.0,1.13845,,
51.8,4.35862,96.4,0.34211,464.0,1.14464,,
51.9,4.36599,96.5,0.342883,465.0,1.15084,,
52.0,4.37335,96.6,0.343657,466.0,1.15706,,
52.1,4.38071,96.7,0.344431,467.0,1.1633,,
52.2,4.38807,96.8,0.345207,468.0,1.16955,,
52.3,4.39543,96.9,0.345983,469.0,1.17581,,
52.4,4.40278,97.0,0.34676,470.0,1.18208,,
52.5,4.41014,97.1,0.347538,471.0,1.18837,,
52.6,4.41749,97.2,0.348317,472.0,1.19468,,
52.7,4.42484,97.3,0.349097,473.0,1.20099,,
52.8,4.4322,97.4,0.349877,474.0,1.20732,,
52.9,4.43955,97.5,0.350659,475.0,1.21367,,
53.0,4.44691,97.6,0.351441,476.0,1.22003,,
53.1,4.45427,97.7,0.352224,477.0,1.2264,,
53.2,4.46162,97.8,0.353009,478.0,1.23278,,
53.3,4.46898,97.9,0.353794,479.0,1.23918,,
53.4,4.47635,98.0,0.35458,480.0,1.24559,,
53.5,4.48371,98.1,0.355367,481.0,1.25202,,
53.6,4.49108,98.2,0.356155,482.0,1.25846,,
53.7,4.49845,98.3,0.356943,483.0,1.26491,,
53.8,4.50582,98.4,0.357733,484.0,1.27137,,
53.9,4.51319,98.5,0.358524,485.0,1.27785,,
54.0,4.52057,98.6,0.359316,486.0,1.28434,,
54.1,4.52795,98.7,0.360109,487.0,1.29084,,
54.2,4.53533,98.8,0.360902,488.0,1.29735,,
54.3,4.54271,98.9,0.361697,489.0,1.3039,,
54.4,4.5501,99.0,0.362493,490.0,1.31044,,
54.5,4.55749,99.1,0.363289,491.0,1.31699,,
54.6,4.56487,99.2,0.364087,492.0,1.32356,,
54.7,4.57226,99.3,0.364885,493.0,1.33014,,
54.8,4.57965,99.4,0.365685,494.0,1.33673,,
54.9,4.58704,99.5,0.366485,495.0,1.34333,,
55.0,4.59443,99.6,0.367287,496.0,1.34994,,
55.1,4.60182,99.7,0.368089,497.0,1.35657,,
55.2,4.60921,99.8,0.368892,498.0,1.36321,,
55.3,4.61659,99.9,0.369696,499.0,1.36986,,
55.4,4.62398,100.0,0.370501,500.0,1.37652,,
55.5,4.63136,101.0,0.3786,,,,
55.6,4.63873,102.0,0.386784,,,,
55.7,4.64611,103.0,0.395052,,,,
55.8,4.65348,104.0,0.403402,,,,
55.9,4.66136,105.0,0.41183,,,,
56.0,4.66873,106.0,0.420343,,,,
56.1,4.67608,107.0,0.428956,,,,
56.2,4.68344,108.0,0.437653,,,,
56.3,4.69079,109.0,0.446438,,,,
56.4,4.69813,110.0,0.455303,,,,
56.5,4.70547,111.0,0.464247,,,,
56.6,4.7128,112.0,0.473273,,,,
56.7,4.72013,113.0,0.482383,,,,
56.8,4.72745,114.0,0.491576,,,,
56.9,4.73476,115.0,0.500849,,,,
57.0,4.74207,116.0,0.5102,,,,
57.1,4.74938,117.0,0.519633,,,,
57.2,4.75668,118.0,0.529167,,,,
57.3,4.76397,119.0,0.53877,,,,
57.4,4.77126,120.0,0.548453,,,,
57.5,4.77855,121.0,0.558206,,,,
57.6,4.78583,122.0,0.568021,,,,
57.7,4.79311,123.0,0.577892,,,,
57.8,4.80039,124.0,0.587801,,,,
57.9,4.80766,125.0,0.597669,,,,
58.0,4.81493,126.0,0.609753,,,,
58.1,4.8222,127.0,0.620271,,,,
58.2,4.82946,128.0,0.628814,,,,
58.3,4.83672,129.0,0.640346,,,,
58.4,4.84398,130.0,0.649612,,,,
58.5,4.85124,131.0,0.661271,,,,
58.6,4.8585,132.0,0.671186,,,,
58.7,4.86575,133.0,0.683415,,,,
58.8,4.87301,134.0,0.693321,,,,
58.9,4.88027,135.0,0.704391,,,,
59.0,4.88752,136.0,0.715711,,,,
59.1,4.89477,137.0,0.726641,,,,
59.2,4.90203,138.0,0.737857,,,,
59.3,4.90928,139.0,0.749225,,,,
59.4,4.91654,140.0,0.760537,,,,
59.5,4.92379,141.0,0.771928,,,,
59.6,4.93104,142.0,0.783448,,,,
59.7,4.93829,143.0,0.795062,,,,
59.8,4.94555,144.0,0.806776,,,,
59.9,4.9528,145.0,0.81853,,,,
60.0,4.96005,146.0,0.83036,,,,
60.1,4.9673,147.0,0.842263,,,,
60.2,4.97455,148.0,0.854233,,,,
60.3,4.9818,149.0,0.866273,,,,
60.4,4.98905,150.0,0.878386,,,,
60.5,4.9963,151.0,0.890579,,,,
60.6,5.00354,152.0,0.90285,,,,
60.7,5.01079,153.0,0.915197,,,,
60.8,5.01803,154.0,0.927618,,,,
60.9,5.02527,155.0,0.94011,,,,
61.0,5.0325,156.0,0.952671,,,,
61.1,5.03974,157.0,0.965301,,,,
61.2,5.04697,158.0,0.978041,,,,
61.3,5.0542,159.0,0.990805,,,,
61.4,5.06142,160.0,1.00364,,,,
61.5,5.06864,161.0,1.01654,,,,
61.6,5.07586,162.0,1.02951,,,,
61.7,5.08307,163.0,1.04255,,,,
61.8,5.09028,164.0,1.05567,,,,
61.9,5.09749,165.0,1.06885,,,,
62.0,5.10469,166.0,1.0821,,,,
62.1,5.11189,167.0,1.09541,,,,
62.2,5.11908,168.0,1.10878,,,,
62.3,5.12627,169.0,1.12221,,,,
62.4,5.13345,170.0,1.1357,,,,
62.5,5.14063,171.0,1.14926,,,,
62.6,5.1478,172.0,1.16293,,,,
62.7,5.15497,173.0,1.17662,,,,
62.8,5.16213,174.0,1.19038,,,,
62.9,5.16929,175.0,1.2042,,,,
63.0,5.17644,176.0,1.21808,,,,
63.1,5.18359,177.0,1.23201,,,,
63.2,5.19073,178.0,1.246,,,,
63.3,5.19787,179.0,1.26005,,,,
63.4,5.205,180.0,1.27415,,,,
63.5,5.21213,181.0,1.28831,,,,
63.6,5.21925,182.0,1.30252,,,,
63.7,5.22637,183.0,1.3168,,,,
63.8,5.23349,184.0,1.33113,,,,
63.9,5.24059,185.0,1.34553,,,,
64.0,5.2477,186.0,1.35998,,,,
64.1,5.2548,187.0,1.37455,,,,
64.2,5.2619,188.0,1.3891,,,,
64.3,5.26899,189.0,1.40371,,,,
64.4,5.27608,190.0,1.41837,,,,
64.5,5.28316,191.0,1.43308,,,,
64.6,5.29024,192.0,1.44783,,,,
64.7,5.29732,193.0,1.46264,,,,
64.8,5.30439,194.0,1.47751,,,,
64.9,5.31146,195.0,1.49239,,,,
65.0,5.3192,196.0,1.50737,,,,
65.1,5.32626,197.0,1.52236,,,,
65.2,5.33332,198.0,1.53727,,,,
65.3,5.34038,199.0,1.55255,,,,
65.4,5.34744,200.0,1.56758,,,,
65.5,5.35449,201.0,1.58287,,,,
65.6,5.36154,202.0,1.59783,,,,
65.7,5.36858,203.0,1.6134,,,,
65.8,5.37563,204.0,1.62872,,,,
65.9,5.38267,205.0,1.64404,,,,
66.0,5.3897,206.0,1.65948,,,,
66.1,5.39674,207.0,1.67494,,,,
66.2,5.40377,208.0,1.69043,,,,
66.3,5.41079,209.0,1.70598,,,,
66.4,5.41782,210.0,1.72156,,,,
66.5,5.42484,211.0,1.73718,,,,
66.6,5.43185,212.0,1.75283,,,,
66.7,5.43887,213.0,1.76852,,,,
66.8,5.44587,214.0,1.78425,,,,
66.9,5.45288,215.0,1.80002,,,,
67.0,5.45988,216.0,1.81582,,,,
67.1,5.46687,217.0,1.83167,,,,
67.2,5.47386,218.0,1.84755,,,,
67.3,5.48084,219.0,1.86347,,,,
67.4,5.48782,220.0,1.87951,,,,
67.5,5.49479,221.0,1.8955,,,,
67.6,5.50175,222.0,1.91153,,,,
67.7,5.50871,223.0,1.92759,,,,
67.8,5.51566,224.0,1.94368,,,,
67.9,5.5226,225.0,1.95979,,,,
68.0,5.52953,226.0,1.97594,,,,
68.1,5.53645,227.0,1.99212,,,,
68.2,5.54336,228.0,2.00833,,,,
68.3,5.55027,229.0,2.02458,,,,
68.4,5.55716,230.0,2.04085,,,,
68.5,5.56403,231.0,2.05716,,,,
68.6,5.5709,232.0,2.0735,,,,
68.7,5.57775,233.0,2.08987,,,,
68.8,5.58459,234.0,2.10626,,,,
68.9,5.59141,235.0,2.12268,,,,
69.0,5.59821,236.0,2.13912,,,,
69.1,5.605,237.0,2.15559,,,,
69.2,5.61176,238.0,2.17216,,,,
69.3,5.6185,239.0,2.18868,,,,
69.4,5.62522,240.0,2.20522,,,,
69.5,5.6319,241.0,2.22178,,,,
69.6,5.63856,242.0,2.23837,,,,
69.7,5.64518,243.0,2.25499,,,,
69.8,5.65175,244.0,2.27164,,,,
69.9,5.65828,245.0,2.2883,,,,
70.0,5.66474,246.0,2.30499,,,,
70.1,5.67113,247.0,2.32169,,,,
70.2,5.67742,248.0,2.33842,,,,
70.3,5.68359,249.0,2.35515,,,,
70.4,5.68958,250.0,2.37191,,,,
70.5,5.69532,251.0,2.38868,,,,
70.6,5.70067,252.0,2.40547,,,,
70.7,5.70539,253.0,2.42228,,,,
70.8,5.70932,254.0,2.43911,,,,
70.9,5.72208,255.0,2.45596,,,,
71.0,5.74162,256.0,2.47293,,,,
71.1,5.73974,257.0,2.48982,,,,
71.2,5.74,258.0,2.50673,,,,
71.3,5.74388,259.0,2.52365,,,,
71.4,5.78385,260.0,2.54058,,,,
71.5,5.799,261.0,2.55752,,,,
71.6,5.79439,262.0,2.57447,,,,
71.7,5.79443,263.0,2.59143,,,,
71.8,5.79668,264.0,2.6084,,,,
71.9,5.79973,265.0,2.62538,,,,
72.0,5.80281,266.0,2.64238,,,,
72.1,5.80533,267.0,2.6594,,,,
72.2,5.80703,268.0,2.67643,,,,
72.3,5.81344,269.0,2.69347,,,,
72.4,5.85227,270.0,2.71053,,,,
72.5,5.86791,271.0,2.72759,,,,
72.6,5.88351,272.0,2.74465,,,,
72.7,5.87685,273.0,2.76172,,,,
72.8,5.87736,274.0,2.7788,,,,
72.9,5.88021,275.0,2.79598,,,,
73.0,5.88406,276.0,2.81306,,,,
73.1,5.88839,277.0,2.83016,,,,
73.2,5.89288,278.0,2.84726,,,,
73.3,5.89731,279.0,2.86441,,,,
73.4,5.90145,280.0,2.88155,,,,
73.5,5.90499,281.0,2.89862,,,,
73.6,5.90752,282.0,2.91575,,,,
73.7,5.90943,283.0,2.93289,,,,
73.8,5.92094,284.0,2.95003,,,,
73.9,5.95764,285.0,2.96717,,,,
74.0,5.94585,286.0,2.98431,,,,
74.1,6.00891,287.0,3.00145,,,,
74.2,5.98963,288.0,3.01859,,,,
74.3,5.98751,289.0,3.03572,,,,
74.4,5.98949,290.0,3.05286,,,,
74.5,5.99382,291.0,3.07,,,,
74.6,5.99821,292.0,3.08714,,,,
74.7,6.00302,293.0,3.10429,,,,
74.8,6.00807,294.0,3.12144,,,,
74.9,6.01322,295.0,3.13869,,,,
75.0,6.01838,296.0,3.15583,,,,
75.1,6.02344,297.0,3.17298,,,,
75.2,6.0283,298.0,3.19012,,,,
75.3,6.03278,299.0,3.20725,,,,
75.4,6.0366,300.0,3.22438,,,,
75.5,6.03933,301.0,3.2415,,,,
75.6,6.04088,302.0,3.25862,,,,
75.7,6.05027,303.0,3.27573,,,,
75.8,6.08111,304.0,3.29284,,,,
75.9,6.08835,305.0,3.30994,,,,
76.0,6.16666,306.0,3.32704,,,,
76.1,6.12527,307.0,3.34414,,,,
76.2,6.12016,308.0,3.36123,,,,
76.3,6.12118,309.0,3.37832,,,,
76.4,6.12415,310.0,3.3954,,,,
76.5,6.12857,311.0,3.41247,,,,
76.6,6.13352,312.0,3.42953,,,,
76.7,6.13874,313.0,3.44658,,,,
76.8,6.14419,314.0,3.46362,,,,
76.9,6.14977,315.0,3.48064,,,,
77.0,6.15543,316.0,3.49777,,,,
77.1,6.16111,317.0,3.51478,,,,
77.2,6.16676,318.0,3.53178,,,,
77.3,6.17233,319.0,3.54877,,,,
77.4,6.17773,320.0,3.56575,,,,
77.5,6.18286,321.0,3.58272,,,,
77.6,6.1875,322.0,3.59968,,,,
77.7,6.19134,323.0,3.61663,,,,
77.8,6.19446,324.0,3.63357,,,,
77.9,6.20323,325.0,3.65049,,,,
78.0,6.22225,326.0,3.6674,,,,
78.1,6.23563,327.0,3.68429,,,,
78.2,6.25979,328.0,3.70117,,,,
78.3,6.26348,329.0,3.71804,,,,
78.4,6.26441,330.0,3.73489,,,,
78.5,6.26765,331.0,3.75172,,,,
78.6,6.27211,332.0,3.76854,,,,
78.7,6.27723,333.0,3.78534,,,,
78.8,6.28274,334.0,3.80213,,,,
78.9,6.28849,335.0,3.8189,,,,
79.0,6.29439,336.0,3.83566,,,,
79.1,6.3004,337.0,3.8524,,,,
79.2,6.30648,338.0,3.86923,,,,
79.3,6.3126,339.0,3.88594,,,,
79.4,6.31875,340.0,3.90264,,,,
79.5,6.32491,341.0,3.91931,,,,
79.6,6.33107,342.0,3.93596,,,,
79.7,6.33722,343.0,3.9526,,,,
79.8,6.34336,344.0,3.96921,,,,
79.9,6.3495,345.0,3.9858,,,,
80.0,6.35569,346.0,4.00237,,,,
80.1,6.36199,347.0,4.01892,,,,
80.2,6.36855,348.0,4.03545,,,,
80.3,6.37553,349.0,4.05197,,,,
80.4,6.38303,350.0,4.06846,,,,
80.5,6.39097,351.0,4.08493,,,,
80.6,6.39909,352.0,4.10139,,,,
80.7,6.40711,353.0,4.11782,,,,
80.8,6.41483,354.0,4.13423,,,,
80.9,6.42217,355.0,4.15062,,,,
81.0,6.42918,356.0,4.16698,,,,
81.1,6.43594,357.0,4.18332,,,,
81.2,6.44254,358.0,4.19964,,,,
81.3,6.44904,359.0,4.21593,,,,
81.4,6.45548,360.0,4.23229,,,,
81.5,6.4619,361.0,4.24854,,,,
81.6,6.4683,362.0,4.26475,,,,
81.7,6.47469,363.0,4.28095,,,,
81.8,6.48108,364.0,4.29712,,,,
81.9,6.48748,365.0,4.31326,,,,
82.0,6.49387,366.0,4.32939,,,,
82.1,6.50027,367.0,4.34548,,,,
82.2,6.50668,368.0,4.36156,,,,
82.3,6.51309,369.0,4.37761,,,,
82.4,6.5195,370.0,4.39363,,,,
82.5,6.52592,371.0,4.40962,,,,
82.6,6.53236,372.0,4.42558,,,,
82.7,6.53881,373.0,4.44152,,,,
82.8,6.54528,374.0,4.45742,,,,
82.9,6.55177,375.0,4.4733,,,,
83.0,6.55829,376.0,4.48915,,,,
83.1,6.56485,377.0,4.50497,,,,
83.2,6.57144,378.0,4.52076,,,,
83.3,6.57806,379.0,4.53653,,,,
83.4,6.58472,380.0,4.55227,,,,
83.5,6.59141,381.0,4.56798,,,,
83.6,6.59812,382.0,4.58367,,,,
83.7,6.60483,383.0,4.59932,,,,
83.8,6.61156,384.0,4.61505,,,,
83.9,6.61827,385.0,4.63065,,,,
84.0,6.62497,386.0,4.64621,,,,
84.1,6.63166,387.0,4.66174,,,,
84.2,6.63833,388.0,4.67724,,,,
84.3,6.64497,389.0,4.69271,,,,
84.4,6.65159,390.0,4.70814,,,,
84.5,6.65895,391.0,4.72354,,,,
84.6,6.66552,392.0,4.73892,,,,
84.7,6.67208,393.0,4.75426,,,,
84.8,6.67862,394.0,4.76957,,,,
84.9,6.68514,395.0,4.78485,,,,
85.0,6.69165,396.0,4.8001,,,,
85.1,6.69815,397.0,4.81532,,,,
85.2,6.70464,398.0,4.8305,,,,
85.3,6.71112,399.0,4.84566,,,,
85.4,6.71759,400.0,4.86077,,,,
85.5,6.72406,401.0,4.87586,,,,
85.6,6.73052,402.0,4.89091,,,,
85.7,6.73698,403.0,4.90592,,,,
85.8,6.74343,404.0,4.9209,,,,
85.9,6.74989,405.0,4.93585,,,,
86.0,6.75634,406.0,4.95076,,,,
86.1,6.76279,407.0,4.96563,,,,
86.2,6.76924,408.0,4.98047,,,,
86.3,6.77569,409.0,4.99538,,,,
86.4,6.78215,410.0,5.01015,,,,
86.5,6.7886,411.0,5.0249,,,,
86.6,6.79506,412.0,5.0396,,,,
86.7,6.80152,413.0,5.05427,,,,
86.8,6.80798,414.0,5.06891,,,,
86.9,6.81445,415.0,5.08351,,,,
87.0,6.82091,416.0,5.09807,,,,
87.1,6.82738,417.0,5.1126,,,,
87.2,6.83385,418.0,5.12709,,,,
87.3,6.84032,419.0,5.14154,,,,
87.4,6.84679,420.0,5.15595,,,,
87.5,6.85326,421.0,5.17032,,,,
87.6,6.85973,422.0,5.18466,,,,
87.7,6.8662,423.0,5.19896,,,,
87.8,6.87267,424.0,5.21323,,,,
87.9,6.87913,425.0,5.22745,,,,
88.0,6.88558,426.0,5.24165,,,,
88.1,6.89204,427.0,5.2558,,,,
88.2,6.89849,428.0,5.26992,,,,
88.3,6.90493,429.0,5.284,,,,
88.4,6.91137,430.0,5.29804,,,,
88.5,6.9178,431.0,5.31205,,,,
88.6,6.92423,432.0,5.32601,,,,
88.7,6.93065,433.0,5.33994,,,,
88.8,6.93706,434.0,5.35392,,,,
88.9,6.94347,435.0,5.36776,,,,
89.0,6.94988,436.0,5.38157,,,,
89.1,6.95628,437.0,5.39533,,,,
89.2,6.96267,438.0,5.40906,,,,
89.3,6.96906,439.0,5.42275,,,,
89.4,6.97544,440.0,5.4364,,,,
89.5,6.98182,441.0,5.45,,,,
89.6,6.98819,442.0,5.46358,,,,
89.7,6.99456,443.0,5.47711,,,,
89.8,7.00092,444.0,5.4906,,,,
89.9,7.00728,445.0,5.50405,,,,
90.0,7.01364,446.0,5.51747,,,,
90.1,7.01999,447.0,5.53084,,,,
90.2,7.02634,448.0,5.54417,,,,
90.3,7.03268,449.0,5.55746,,,,
90.4,7.03902,450.0,5.5707,,,,
90.5,7.04536,451.0,5.58391,,,,
90.6,7.05169,452.0,5.59707,,,,
90.7,7.05802,453.0,5.6102,,,,
90.8,7.06435,454.0,5.62328,,,,
90.9,7.07068,455.0,5.63632,,,,
91.0,7.077,456.0,5.64932,,,,
91.1,7.08331,457.0,5.66228,,,,
91.2,7.08963,458.0,5.67519,,,,
91.3,7.09594,459.0,5.68807,,,,
91.4,7.10225,460.0,5.70091,,,,
91.5,7.10856,461.0,5.7138,,,,
91.6,7.11486,462.0,5.72655,,,,
91.7,7.12116,463.0,5.73926,,,,
91.8,7.12746,464.0,5.75193,,,,
91.9,7.13376,465.0,5.76456,,,,
92.0,7.14005,466.0,5.77714,,,,
92.1,7.14634,467.0,5.78968,,,,
92.2,7.15262,468.0,5.80217,,,,
92.3,7.15891,469.0,5.81463,,,,
92.4,7.16519,470.0,5.82704,,,,
92.5,7.17146,471.0,5.83941,,,,
92.6,7.17774,472.0,5.85173,,,,
92.7,7.18401,473.0,5.86402,,,,
92.8,7.19028,474.0,5.87626,,,,
92.9,7.19654,475.0,5.88846,,,,
93.0,7.2028,476.0,5.90061,,,,
93.1,7.20906,477.0,5.91273,,,,
93.2,7.21532,478.0,5.92479,,,,
93.3,7.22157,479.0,5.93682,,,,
93.4,7.22782,480.0,5.9488,,,,
93.5,7.23406,481.0,5.96074,,,,
93.6,7.24031,482.0,5.97264,,,,
93.7,7.24655,483.0,5.98449,,,,
93.8,7.25278,484.0,5.9963,,,,
93.9,7.25902,485.0,6.00806,,,,
94.0,7.26525,486.0,6.01978,,,,
94.1,7.27147,487.0,6.03146,,,,
94.2,7.2777,488.0,6.04309,,,,
94.3,7.28392,489.0,6.05478,,,,
94.4,7.29013,490.0,6.06632,,,,
94.5,7.29635,491.0,6.07782,,,,
94.6,7.30256,492.0,6.08928,,,,
94.7,7.30876,493.0,6.10069,,,,
94.8,7.31497,494.0,6.11206,,,,
94.9,7.32117,495.0,6.12339,,,,
95.0,7.32737,496.0,6.13467,,,,
95.1,7.33429,497.0,6.1459,,,,
95.2,7.34048,498.0,6.1571,,,,
95.3,7.34666,499.0,6.16824,,,,
95.4,7.35285,500.0,6.17935,,,,
95.5,7.35902,,,,,,
95.6,7.3652,,,,,,
95.7,7.37137,,,,,,
95.8,7.37754,,,,,,
95.9,7.3837,,,,,,
96.0,7.38986,,,,,,
96.1,7.39602,,,,,,
96.2,7.40217,,,,,,
96.3,7.40832,,,,,,
96.4,7.41447,,,,,,
96.5,7.42061,,,,,,
96.6,7.42675,,,,,,
96.7,7.43288,,,,,,
96.8,7.43901,,,,,,
96.9,7.44514,,,,,,
97.0,7.45126,,,,,,
97.1,7.45738,,,,,,
97.2,7.4635,,,,,,
97.3,7.46961,,,,,,
97.4,7.47572,,,,,,
97.5,7.48182,,,,,,
97.6,7.48792,,,,,,
97.7,7.49402,,,,,,
97.8,7.50011,,,,,,
97.9,7.5062,,,,,,
98.0,7.51229,,,,,,
98.1,7.51837,,,,,,
98.2,7.52445,,,,,,
98.3,7.53052,,,,,,
98.4,7.53659,,,,,,
98.5,7.54266,,,,,,
98.6,7.54872,,,,,,
98.7,7.55478,,,,,,
98.8,7.56084,,,,,,
98.9,7.5669,,,,,,
99.0,7.57295,,,,,,
99.1,7.57899,,,,,,
99.2,7.58503,,,,,,
99.3,7.59107,,,,,,
99.4,7.59711,,,,,,
99.5,7.60314,,,,,,
99.6,7.60917,,,,,,
99.7,7.6152,,,,,,
99.8,7.62123,,,,,,
99.9,7.62725,,,,,,
100.0,7.63326,,,,,,
101.0,7.69327,,,,,,
102.0,7.75296,,,,,,
103.0,7.81231,,,,,,
104.0,7.8713,,,,,,
105.0,7.9299,,,,,,
106.0,7.98814,,,,,,
107.0,8.04668,,,,,,
108.0,8.10421,,,,,,
109.0,8.16143,,,,,,
110.0,8.21832,,,,,,
111.0,8.27487,,,,,,
112.0,8.33105,,,,,,
113.0,8.38686,,,,,,
114.0,8.44229,,,,,,
115.0,8.49738,,,,,,
116.0,8.55215,,,,,,
117.0,8.6066,,,,,,
118.0,8.66131,,,,,,
119.0,8.71508,,,,,,
120.0,8.7685,,,,,,
121.0,8.82155,,,,,,
122.0,8.87427,,,,,,
123.0,8.92667,,,,,,
124.0,8.97881,,,,,,
125.0,9.03089,,,,,,
126.0,9.08165,,,,,,
127.0,9.13263,,,,,,
128.0,9.18332,,,,,,
129.0,9.23182,,,,,,
130.0,9.2837,,,,,,
131.0,9.33197,,,,,,
132.0,9.38248,,,,,,
133.0,9.42951,,,,,,
134.0,9.47923,,,,,,
135.0,9.52766,,,,,,
136.0,9.5749,,,,,,
137.0,9.62258,,,,,,
138.0,9.66977,,,,,,
139.0,9.71643,,,,,,
140.0,9.76286,,,,,,
141.0,9.80899,,,,,,
142.0,9.85474,,,,,,
143.0,9.90013,,,,,,
144.0,9.94564,,,,,,
145.0,9.99039,,,,,,
146.0,10.0348,,,,,,
147.0,10.0789,,,,,,
148.0,10.1227,,,,,,
149.0,10.1661,,,,,,
150.0,10.2091,,,,,,
151.0,10.2519,,,,,,
152.0,10.2943,,,,,,
153.0,10.3363,,,,,,
154.0,10.3781,,,,,,
155.0,10.4195,,,,,,
156.0,10.4607,,,,,,
157.0,10.5015,,,,,,
158.0,10.5423,,,,,,
159.0,10.5825,,,,,,
160.0,10.6223,,,,,,
161.0,10.6617,,,,,,
162.0,10.7009,,,,,,
163.0,10.7397,,,,,,
164.0,10.7783,,,,,,
165.0,10.8165,,,,,,
166.0,10.8544,,,,,,
167.0,10.892,,,,,,
168.0,10.9293,,,,,,
169.0,10.9663,,,,,,
170.0,11.0029,,,,,,
171.0,11.0393,,,,,,
172.0,11.0756,,,,,,
173.0,11.1113,,,,,,
174.0,11.1467,,,,,,
175.0,11.1819,,,,,,
176.0,11.2167,,,,,,
177.0,11.2512,,,,,,
178.0,11.2854,,,,,,
179.0,11.3193,,,,,,
180.0,11.3529,,,,,,
181.0,11.3862,,,,,,
182.0,11.4192,,,,,,
183.0,11.4519,,,,,,
184.0,11.4843,,,,,,
185.0,11.5164,,,,,,
186.0,11.5483,,,,,,
187.0,11.5801,,,,,,
188.0,11.6113,,,,,,
189.0,11.6423,,,,,,
190.0,11.673,,,,,,
191.0,11.7033,,,,,,
192.0,11.7334,,,,,,
193.0,11.7632,,,,,,
194.0,11.7927,,,,,,
195.0,11.8219,,,,,,
196.0,11.8509,,,,,,
197.0,11.8796,,,,,,
198.0,11.9081,,,,,,
199.0,11.9361,,,,,,
200.0,11.9641,,,,,,
201.0,11.9916,,,,,,
202.0,12.019,,,,,,
203.0,12.0461,,,,,,
204.0,12.0729,,,,,,
205.0,12.0994,,,,,,
206.0,12.1256,,,,,,
207.0,12.1515,,,,,,
208.0,12.1772,,,,,,
209.0,12.2027,,,,,,
210.0,12.2278,,,,,,
211.0,12.2527,,,,,,
212.0,12.2774,,,,,,
213.0,12.3017,,,,,,
214.0,12.3258,,,,,,
215.0,12.3497,,,,,,
216.0,12.3733,,,,,,
217.0,12.3966,,,,,,
218.0,12.4197,,,,,,
219.0,12.4425,,,,,,
220.0,12.4654,,,,,,
221.0,12.4877,,,,,,
222.0,12.5098,,,,,,
223.0,12.5316,,,,,,
224.0,12.5532,,,,,,
225.0,12.5746,,,,,,
226.0,12.5957,,,,,,
227.0,12.6165,,,,,,
228.0,12.6371,,,,,,
229.0,12.6575,,,,,,
230.0,12.6776,,,,,,
231.0,12.6975,,,,,,
232.0,12.7172,,,,,,
233.0,12.7367,,,,,,
234.0,12.7558,,,,,,
235.0,12.7748,,,,,,
236.0,12.7935,,,,,,
237.0,12.812,,,,,,
238.0,12.8305,,,,,,
239.0,12.8485,,,,,,
240.0,12.8663,,,,,,
241.0,12.8839,,,,,,
242.0,12.9013,,,,,,
243.0,12.9184,,,,,,
244.0,12.9354,,,,,,
245.0,12.9521,,,,,,
246.0,12.9685,,,,,,
247.0,12.9848,,,,,,
248.0,13.0008,,,,,,
249.0,13.0166,,,,,,
250.0,13.0323,,,,,,
251.0,13.0476,,,,,,
252.0,13.0628,,,,,,
253.0,13.0778,,,,,,
254.0,13.0926,,,,,,
255.0,13.1071,,,,,,
256.0,13.1216,,,,,,
257.0,13.1358,,,,,,
258.0,13.1497,,,,,,
259.0,13.1634,,,,,,
260.0,13.1769,,,,,,
261.0,13.1902,,,,,,
262.0,13.2034,,,,,,
263.0,13.2163,,,,,,
264.0,13.229,,,,,,
265.0,13.2415,,,,,,
266.0,13.2539,,,,,,
267.0,13.266,,,,,,
268.0,13.2779,,,,,,
269.0,13.2896,,,,,,
270.0,13.3012,,,,,,
271.0,13.3125,,,,,,
272.0,13.3237,,,,,,
273.0,13.3347,,,,,,
274.0,13.3455,,,,,,
275.0,13.3563,,,,,,
276.0,13.3667,,,,,,
277.0,13.3769,,,,,,
278.0,13.387,,,,,,
279.0,13.3968,,,,,,
280.0,13.4065,,,,,,
281.0,13.416,,,,,,
282.0,13.4253,,,,,,
283.0,13.4345,,,,,,
284.0,13.4435,,,,,,
285.0,13.4523,,,,,,
286.0,13.4609,,,,,,
287.0,13.4694,,,,,,
288.0,13.4776,,,,,,
289.0,13.4858,,,,,,
290.0,13.4937,,,,,,
291.0,13.5015,,,,,,
292.0,13.5091,,,,,,
293.0,13.5165,,,,,,
294.0,13.5238,,,,,,
295.0,13.531,,,,,,
296.0,13.5379,,,,,,
297.0,13.5447,,,,,,
298.0,13.5513,,,,,,
299.0,13.5578,,,,,,
300.0,13.5641,,,,,,
301.0,13.5702,,,,,,
302.0,13.5762,,,,,,
303.0,13.5821,,,,,,
304.0,13.5877,,,,,,
305.0,13.5932,,,,,,
306.0,13.5986,,,,,,
307.0,13.6038,,,,,,
308.0,13.6089,,,,,,
309.0,13.6138,,,,,,
310.0,13.6185,,,,,,
311.0,13.6231,,,,,,
312.0,13.6276,,,,,,
313.0,13.6319,,,,,,
314.0,13.6361,,,,,,
315.0,13.6401,,,,,,
316.0,13.6441,,,,,,
317.0,13.6479,,,,,,
318.0,13.6515,,,,,,
319.0,13.6549,,,,,,
320.0,13.6582,,,,,,
321.0,13.6614,,,,,,
322.0,13.6645,,,,,,
323.0,13.6674,,,,,,
324.0,13.6701,,,,,,
325.0,13.6728,,,,,,
326.0,13.6753,,,,,,
327.0,13.6776,,,,,,
328.0,13.6799,,,,,,
329.0,13.682,,,,,,
330.0,13.684,,,,,,
331.0,13.6858,,,,,,
332.0,13.6875,,,,,,
333.0,13.6891,,,,,,
334.0,13.6906,,,,,,
335.0,13.6919,,,,,,
336.0,13.6931,,,,,,
337.0,13.6942,,,,,,
338.0,13.6953,,,,,,
339.0,13.6962,,,,,,
340.0,13.6969,,,,,,
341.0,13.6975,,,,,,
342.0,13.698,,,,,,
343.0,13.6984,,,,,,
344.0,13.6986,,,,,,
345.0,13.6987,,,,,,
346.0,13.6988,,,,,,
347.0,13.6987,,,,,,
348.0,13.6985,,,,,,
349.0,13.6981,,,,,,
350.0,13.6977,,,,,,
351.0,13.6972,,,,,,
352.0,13.6965,,,,,,
353.0,13.6957,,,,,,
354.0,13.6948,,,,,,
355.0,13.6939,,,,,,
356.0,13.6928,,,,,,
357.0,13.6916,,,,,,
358.0,13.6903,,,,,,
359.0,13.6889,,,,,,
360.0,13.6875,,,,,,
361.0,13.6859,,,,,,
362.0,13.6842,,,,,,
363.0,13.6824,,,,,,
364.0,13.6804,,,,,,
365.0,13.6784,,,,,,
366.0,13.6763,,,,,,
367.0,13.6741,,,,,,
368.0,13.6718,,,,,,
369.0,13.6694,,,,,,
370.0,13.6669,,,,,,
371.0,13.6643,,,,,,
372.0,13.6616,,,,,,
373.0,13.6588,,,,,,
374.0,13.6559,,,,,,
375.0,13.653,,,,,,
376.0,13.6499,,,,,,
377.0,13.6468,,,,,,
378.0,13.6435,,,,,,
379.0,13.6402,,,,,,
380.0,13.6368,,,,,,
381.0,13.6333,,,,,,
382.0,13.6297,,,,,,
383.0,13.626,,,,,,
384.0,13.6223,,,,,,
385.0,13.6185,,,,,,
386.0,13.6146,,,,,,
387.0,13.6106,,,,,,
388.0,13.6065,,,,,,
389.0,13.6023,,,,,,
390.0,13.598,,,,,,
391.0,13.5937,,,,,,
392.0,13.5893,,,,,,
393.0,13.5848,,,,,,
394.0,13.5802,,,,,,
395.0,13.5756,,,,,,
396.0,13.5709,,,,,,
397.0,13.566,,,,,,
398.0,13.5612,,,,,,
399.0,13.5562,,,,,,
400.0,13.5512,,,,,,
401.0,13.5461,,,,,,
402.0,13.5409,,,,,,
403.0,13.5357,,,,,,
404.0,13.5304,,,,,,
405.0,13.525,,,,,,
406.0,13.5195,,,,,,
407.0,13.514,,,,,,
408.0,13.5084,,,,,,
409.0,13.5029,,,,,,
410.0,13.4972,,,,,,
411.0,13.4914,,,,,,
412.0,13.4855,,,,,,
413.0,13.4796,,,,,,
414.0,13.4736,,,,,,
415.0,13.4676,,,,,,
416.0,13.4614,,,,,,
417.0,13.4553,,,,,,
418.0,13.449,,,,,,
419.0,13.4427,,,,,,
420.0,13.4364,,,,,,
421.0,13.43,,,,,,
422.0,13.4235,,,,,,
423.0,13.417,,,,,,
424.0,13.4104,,,,,,
425.0,13.4037,,,,,,
426.0,13.397,,,,,,
427.0,13.3902,,,,,,
428.0,13.3834,,,,,,
429.0,13.3765,,,,,,
430.0,13.3696,,,,,,
431.0,13.3626,,,,,,
432.0,13.3555,,,,,,
433.0,13.3485,,,,,,
434.0,13.3414,,,,,,
435.0,13.3342,,,,,,
436.0,13.327,,,,,,
437.0,13.3197,,,,,,
438.0,13.3123,,,,,,
439.0,13.3049,,,,,,
440.0,13.2975,,,,,,
441.0,13.29,,,,,,
442.0,13.2825,,,,,,
443.0,13.2749,,,,,,
444.0,13.2672,,,,,,
445.0,13.2595,,,,,,
446.0,13.2518,,,,,,
447.0,13.244,,,,,,
448.0,13.2362,,,,,,
449.0,13.2283,,,,,,
450.0,13.2204,,,,,,
451.0,13.2125,,,,,,
452.0,13.2045,,,,,,
453.0,13.1964,,,,,,
454.0,13.1884,,,,,,
455.0,13.1802,,,,,,
456.0,13.1721,,,,,,
457.0,13.1639,,,,,,
458.0,13.1556,,,,,,
459.0,13.1474,,,,,,
460.0,13.139,,,,,,
461.0,13.1308,,,,,,
462.0,13.1224,,,,,,
463.0,13.114,,,,,,
464.0,13.1055,,,,,,
465.0,13.097,,,,,,
466.0,13.0885,,,,,,
467.0,13.0799,,,,,,
468.0,13.0713,,,,,,
469.0,13.0627,,,,,,
470.0,13.054,,,,,,
471.0,13.0453,,,,,,
472.0,13.0365,,,,,,
473.0,13.0278,,,,,,
474.0,13.0189,,,,,,
475.0,13.0101,,,,,,
476.0,13.0012,,,,,,
477.0,12.9923,,,,,,
478.0,12.9834,,,,,,
479.0,12.9744,,,,,,
480.0,12.9654,,,,,,
481.0,12.9564,,,,,,
482.0,12.9474,,,,,,
483.0,12.9383,,,,,,
484.0,12.9292,,,,,,
485.0,12.9201,,,,,,
486.0,12.9109,,,,,,
487.0,12.9017,,,,,,
488.0,12.8925,,,,,,
489.0,12.8834,,,,,,
490.0,12.8742,,,,,,
491.0,12.8649,,,,,,
492.0,12.8556,,,,,,
493.0,12.8462,,,,,,
494.0,12.8369,,,,,,
495.0,12.8275,,,,,,
496.0,12.8181,,,,,,
497.0,12.8087,,,,,,
498.0,12.7992,,,,,,
499.0,12.7898,,,,,,
500.0,12.7803,,,,,,
