E (cm-1),2->0	,E (cm-1),4->0	,E (cm-1),6->0	,E (cm-1),8->0	
0.029399999999998983,5.12579,0.09799999999999898,0.155678,0.05580000000000496,0.06634013,0.9527999999999963,0.0007542606
0.07939999999999969,2.50902,0.1980000000000004,0.09407666,0.15579999999999927,0.02849229,1.9527999999999963,0.001454008
0.1294000000000004,1.66139,0.2980000000000018,0.07729528,0.2558000000000078,0.0217106,2.9527999999999963,0.0006848201
0.17939999999999934,1.33846,0.39799999999999613,0.06915504,0.3558000000000021,0.01895595,3.9527999999999963,0.001029113
0.22940000000000005,1.17622,0.49799999999999756,0.06413254,0.45580000000001064,0.01740386,4.952799999999996,0.0007525564
0.279399999999999,1.07694,0.597999999999999,0.06069375,0.555800000000005,0.01638412,5.952799999999996,0.0005780111
0.3293999999999997,1.00784,0.6980000000000004,0.05829125,0.6557999999999993,0.01567699,6.952799999999996,0.0005899723
0.3794000000000004,0.955401,0.7980000000000018,0.05666647,0.7558000000000078,0.0151935,7.952799999999996,0.0005618083
0.42939999999999934,0.913379,0.8979999999999961,0.05566996,0.8558000000000021,0.01488456,8.952799999999996,0.0004975291
0.47940000000000005,0.878628,0.9979999999999976,0.05532304,0.9558000000000106,0.0147348,9.952799999999996,0.0004669576
0.529399999999999,0.849453,1.097999999999999,0.05606011,1.055800000000005,0.01479957,10.952799999999996,0.0004550903
0.5793999999999997,0.824866,1.1980000000000004,0.05957824,1.1557999999999993,0.01530558,11.952799999999996,0.0004392733
0.6294000000000004,0.804249,1.2980000000000018,0.07329765,1.2558000000000078,0.01702486,12.952799999999996,0.0004208126
0.6793999999999993,0.787213,1.3979999999999961,0.140335,1.3558000000000021,0.023052,13.952799999999996,0.0004067386
0.7294,0.773444,1.4979999999999976,0.208742,1.4558000000000106,0.04337188,14.952799999999996,0.0003973092
0.779399999999999,0.762706,1.597999999999999,0.293706,1.555800000000005,0.07544127,15.952799999999996,0.000389754
0.8293999999999997,0.754853,1.6980000000000004,0.317395,1.6557999999999993,0.08051369,16.952799999999996,0.0003825967
0.8794000000000004,0.749855,1.7980000000000018,0.197202,1.7558000000000078,0.08913224,17.952799999999996,0.0003761223
0.9293999999999993,0.747915,1.8979999999999961,0.108079,1.8558000000000021,0.04319979,18.952799999999996,0.0003707982
0.9794,0.749536,1.9979999999999976,0.08168127,1.9558000000000106,0.02805441,19.952799999999996,0.0003667355
1.029399999999999,0.755697,2.097999999999999,0.07008839,2.055800000000005,0.02225831,20.952799999999996,0.0003635824
1.0793999999999997,0.768169,2.1980000000000004,0.06359824,2.1557999999999993,0.0193211,21.952799999999996,0.0003609422
1.1294000000000004,0.789994,2.298000000000002,0.05938846,2.255800000000008,0.01754819,22.952799999999996,0.0003586631
1.1793999999999993,0.826597,2.397999999999996,0.05638052,2.355800000000002,0.0163488,23.952799999999996,0.0003568059
1.2294,0.888067,2.4979999999999976,0.05408647,2.4558000000000106,0.0154718,24.952799999999996,0.0003554196
1.279399999999999,0.994625,2.597999999999999,0.05226187,2.555800000000005,0.01479591,25.952799999999996,0.0003544181
1.3293999999999997,1.19146,2.6980000000000004,0.05077829,2.6557999999999993,0.01425787,26.952799999999996,0.0003537073
1.3794000000000004,1.59616,2.798000000000002,0.04956983,2.755800000000008,0.01382377,27.952799999999996,0.0003532818
1.4293999999999993,2.58986,2.897999999999996,0.04860856,2.855800000000002,0.01347628,28.952799999999996,0.0003531768
1.4794,5.70385,2.9979999999999976,0.04789441,2.9558000000000106,0.01320881,29.952799999999996,0.0003533961
1.529399999999999,11.1491,3.097999999999999,0.04745272,3.055800000000005,0.01302315,30.952799999999996,0.0003538951
1.5793999999999997,13.1577,3.1980000000000004,0.04733849,3.1557999999999993,0.01292933,31.952799999999996,0.0003546175
1.6294000000000004,11.4303,3.298000000000002,0.04764662,3.255800000000008,0.01294728,32.952799999999996,0.0003555266
1.6793999999999993,5.61244,3.397999999999996,0.04852793,3.355800000000002,0.01311006,33.952799999999996,0.0003565997
1.7294,3.36797,3.4979999999999976,0.05020639,3.4558000000000106,0.013468,34.952799999999996,0.0003578213
1.779399999999999,2.30883,3.597999999999999,0.05297431,3.555800000000005,0.01409091,35.952799999999996,0.0003591927
1.8293999999999997,1.75681,3.6980000000000004,0.05709686,3.6557999999999993,0.01505866,36.952799999999996,0.0003607315
1.8794000000000004,1.45027,3.798000000000002,0.06250429,3.755800000000008,0.01641921,37.952799999999996,0.0003624502
1.9293999999999993,1.26141,3.897999999999996,0.0683259,3.855800000000002,0.01809736,38.952799999999996,0.0003643372
1.9794,1.13549,3.9979999999999976,0.07296662,3.9558000000000106,0.01981007,39.952799999999996,0.0003663614
2.029399999999999,1.04655,4.097999999999999,0.07519692,4.055800000000005,0.02113719,40.952799999999996,0.0003684954
2.0793999999999997,0.980924,4.198,0.07484835,4.155799999999999,0.02175211,41.952799999999996,0.0003707336
2.1294000000000004,0.930844,4.298000000000002,0.0724457,4.255800000000008,0.02157736,42.952799999999996,0.0003730867
2.1793999999999993,0.8916,4.397999999999996,0.06880893,4.355800000000002,0.02076504,43.952799999999996,0.0003755632
2.2294,0.860192,4.4979999999999976,0.06476177,4.455800000000011,0.0195881,44.952799999999996,0.0003781585
2.279399999999999,0.834647,4.597999999999999,0.06087842,4.555800000000005,0.01830784,45.952799999999996,0.0003808606
2.3293999999999997,0.813622,4.698,0.05743138,4.655799999999999,0.01709257,46.952799999999996,0.0003836634
2.3794000000000004,0.79618,4.798000000000002,0.0544863,4.755800000000008,0.01601638,47.952799999999996,0.0003865699
2.4293999999999993,0.781669,4.897999999999996,0.05200958,4.855800000000002,0.01509459,48.952799999999996,0.0003895833
2.4794,0.769625,4.9979999999999976,0.04993505,4.955800000000011,0.01431569,49.952799999999996,0.0003926972
2.529399999999999,0.759716,5.097999999999999,0.04819463,5.055800000000005,0.01365978,50.952799999999996,0.0003958948
2.5793999999999997,0.751727,5.198,0.04672949,5.155799999999999,0.01310671,51.952799999999996,0.0003991579
2.6294000000000004,0.74551,5.298000000000002,0.04549222,5.255800000000008,0.01263903,52.952799999999996,0.0004024776
2.6793999999999993,0.740979,5.397999999999996,0.04444598,5.355800000000002,0.01224261,53.952799999999996,0.0004058556
2.7294,0.73811,5.4979999999999976,0.04356279,5.455800000000011,0.01190638,54.952799999999996,0.0004092961
2.779399999999999,0.736914,5.597999999999999,0.04282175,5.555800000000005,0.01162186,55.952799999999996,0.0004127966
2.8293999999999997,0.737446,5.698,0.04220774,5.655799999999999,0.01138268,56.952799999999996,0.0004163445
2.8794000000000004,0.739806,5.798000000000002,0.04171,5.755800000000008,0.01118411,57.952799999999996,0.0004199198
2.9293999999999993,0.744127,5.897999999999996,0.04132127,5.855800000000002,0.01102278,58.952799999999996,0.0004234981
2.9794,0.750596,5.9979999999999976,0.04103665,5.955800000000011,0.01089628,59.952799999999996,0.0004270437
3.029399999999999,0.759445,6.097999999999999,0.04085254,6.055800000000005,0.01080286,60.952799999999996,0.0004304834
3.0793999999999997,0.770961,6.198,0.04076544,6.155799999999999,0.01074108,61.952799999999996,0.0004336176
3.1294000000000004,0.785508,6.298000000000002,0.04077037,6.255800000000008,0.01070944,62.952799999999996,0.0004355605
3.1793999999999993,0.803527,6.397999999999996,0.0408594,6.355800000000002,0.01070593,63.952799999999996,0.0004334881
3.2294,0.825552,6.4979999999999976,0.04102014,6.455800000000011,0.01072764,64.9528,0.0004364745
3.279399999999999,0.852243,6.597999999999999,0.04123475,6.555800000000005,0.01077034,65.9528,0.0004519003
3.3293999999999997,0.884394,6.698,0.04148009,6.655799999999999,0.01082836,66.9528,0.0004663896
3.3794000000000004,0.922953,6.798000000000002,0.04172893,6.755800000000008,0.01089466,67.9528,0.0004599311
3.4293999999999993,0.969063,6.897999999999996,0.0419528,6.855800000000002,0.01096127,68.9528,0.0004741329
3.4794,1.02405,6.9979999999999976,0.04212538,6.955800000000011,0.01102,69.9528,0.000469218
3.529399999999999,1.08943,7.097999999999999,0.0422258,7.055800000000005,0.01106332,70.9528,0.0004679176
3.5793999999999997,1.16687,7.198,0.04224105,7.155799999999999,0.01108521,71.9528,0.0004778918
3.6294000000000004,1.25804,7.298000000000002,0.04216657,7.255800000000008,0.01108171,72.9528,0.0004778816
3.6793999999999993,1.36443,7.397999999999996,0.04200557,7.355800000000002,0.01105117,73.9528,0.0004844436
3.7294,1.48686,7.4979999999999976,0.04176721,7.455800000000011,0.01099413,74.9528,0.0004900887
3.779399999999999,1.62489,7.597999999999999,0.04146446,7.555800000000005,0.0109129,75.9528,0.0004938408
3.8293999999999997,1.77586,7.698,0.04111204,7.655799999999999,0.01081106,76.9528,0.0004986705
3.8794000000000004,1.93396,7.798000000000002,0.04072467,7.755800000000008,0.01069285,77.9528,0.0005043667
3.9293999999999993,2.08957,7.897999999999996,0.04031596,7.855800000000002,0.0105627,78.9528,0.0005096127
3.9794,2.22965,7.9979999999999976,0.03989767,7.955800000000011,0.01042482,79.9528,0.0005147032
4.029399999999999,2.33975,8.097999999999999,0.03947943,8.055800000000005,0.01028298,80.9528,0.0005200594
4.0794,2.40747,8.198,0.03906882,8.1558,0.01014029,81.9528,0.0005256108
4.1294,2.42607,8.298000000000002,0.03867147,8.255800000000008,0.009999303,82.9528,0.0005311666
4.179399999999999,2.39633,8.397999999999996,0.03829138,8.355800000000002,0.009861964,83.9528,0.0005367177
4.2294,2.32582,8.497999999999998,0.03793128,8.45580000000001,0.009729701,84.9528,0.0005423427
4.279399999999999,2.22605,8.597999999999999,0.03759282,8.555800000000005,0.009603506,85.9528,0.0005480966
4.3294,2.10919,8.698,0.03727693,8.6558,0.009484029,86.9528,0.0005539784
4.3794,1.98573,8.798000000000002,0.03698396,8.755800000000008,0.009371651,87.9528,0.0005599643
4.429399999999999,1.8634,8.897999999999996,0.03671385,8.855800000000002,0.009266549,88.9528,0.0005660329
4.4794,1.74718,8.997999999999998,0.03646628,8.95580000000001,0.009168754,89.9528,0.0005721812
4.529399999999999,1.63982,9.097999999999999,0.03624072,9.055800000000005,0.009078184,90.9528,0.0005784122
4.5794,1.54247,9.198,0.03603649,9.1558,0.008994677,91.9528,0.000584718
4.6294,1.45528,9.298000000000002,0.03585278,9.255800000000008,0.008918009,92.9528,0.0005910823
4.679399999999999,1.3778,9.397999999999996,0.03568864,9.355800000000002,0.008847905,93.9528,0.0005974984
4.7294,1.30928,9.497999999999998,0.03554308,9.45580000000001,0.008784051,94.9528,0.0006039799
4.779399999999999,1.24887,9.597999999999999,0.0354149,9.555800000000005,0.008726091,95.9528,0.0006105528
4.8294,1.19571,9.698,0.03530283,9.6558,0.008673636,96.9528,0.0006172394
4.8794,1.14897,9.798000000000002,0.03520546,9.755800000000008,0.008626259,97.9528,0.0006240483
4.929399999999999,1.10793,9.897999999999996,0.03512123,9.855800000000002,0.008583501,98.9528,0.0006309705
4.9794,1.07191,9.997999999999998,0.03504849,9.95580000000001,0.008544873,99.9528,0.0006379851
5.029399999999999,1.04035,10.097999999999999,0.03498547,10.055800000000005,0.008509857,100.9528,0.0006450704
5.0794,1.01275,10.198,0.03493035,10.1558,0.008477912,101.9528,0.000652215
5.1294,0.98869,10.298000000000002,0.03488128,10.255800000000008,0.008448486,102.9528,0.0006594218
5.179400000000001,0.967799,10.397999999999996,0.03483639,10.355800000000002,0.008421019,103.9528,0.0006667026
5.229399999999998,0.949774,10.497999999999998,0.03479394,10.45580000000001,0.00839496,104.9528,0.0006740694
5.279399999999999,0.934352,10.597999999999999,0.03475226,10.555800000000005,0.008369774,105.9528,0.0006815298
5.3294,0.92131,10.698,0.03470998,10.6558,0.008344962,106.9528,0.0006890882
5.3794,0.910467,10.798000000000002,0.03466559,10.755800000000008,0.008320067,107.9528,0.000696749
5.429400000000001,0.901666,10.897999999999996,0.0346182,10.855800000000002,0.008294692,108.9528,0.0007045161
5.479399999999998,0.894777,10.997999999999998,0.03456704,10.95580000000001,0.008268506,109.9528,0.00071239
5.529399999999999,0.889695,11.097999999999999,0.03451167,11.055800000000005,0.008241251,110.9528,0.0007203656
5.5794,0.886336,11.198,0.03445186,11.1558,0.008212749,111.9528,0.0007284333
5.6294,0.884624,11.298000000000002,0.03438768,11.255800000000008,0.008182894,112.9528,0.0007365838
5.679400000000001,0.884509,11.397999999999996,0.03431938,11.355800000000002,0.008151659,113.9528,0.0007448124
5.729399999999998,0.885946,11.497999999999998,0.03424739,11.45580000000001,0.008119077,114.9528,0.0007531218
5.779399999999999,0.888898,11.597999999999999,0.03417229,11.555800000000005,0.008085239,115.9528,0.0007615203
5.8294,0.893342,11.698,0.03409473,11.6558,0.008050282,116.9528,0.0007700192
5.8794,0.899255,11.798000000000002,0.03401543,11.755800000000008,0.008014376,117.9528,0.0007786283
5.929400000000001,0.906616,11.897999999999996,0.03393509,11.855800000000002,0.00797771,118.9528,0.0007873527
5.979399999999998,0.91541,11.997999999999998,0.03385442,11.95580000000001,0.007940487,119.9528,0.0007961912
6.029399999999999,0.925615,12.097999999999999,0.03377409,12.055800000000005,0.007902912,120.9528,0.0008051381
6.0794,0.937204,12.198,0.03369469,12.1558,0.007865185,121.9528,0.0008141862
6.1294,0.950144,12.298000000000002,0.03361676,12.255800000000008,0.007827495,122.9528,0.0008233312
6.179400000000001,0.964391,12.397999999999996,0.03354078,12.355800000000002,0.007790015,123.9528,0.0008325738
6.229399999999998,0.979884,12.497999999999998,0.03346713,12.45580000000001,0.007752903,124.9528,0.0008419189
6.279399999999999,0.996546,12.597999999999999,0.03339613,12.555800000000005,0.007716297,125.9528,0.0008513725
6.3294,1.01428,12.698,0.03332807,12.6558,0.007680315,126.9528,0.0008609383
6.3794,1.03296,12.798000000000002,0.03326311,12.755800000000008,0.007645058,127.9528,0.0008706161
6.429400000000001,1.05245,12.897999999999996,0.03320141,12.855800000000002,0.007610609,128.9528,0.0008804028
6.479399999999998,1.07256,12.997999999999998,0.03314307,12.95580000000001,0.007577034,129.9528,0.0008902958
6.529399999999999,1.0931,13.097999999999999,0.03308813,13.055800000000005,0.007544383,130.9528,0.0009002954
6.5794,1.11383,13.198,0.03303662,13.1558,0.007512695,131.9528,0.0009104058
6.6294,1.1345,13.298000000000002,0.03298851,13.255800000000008,0.007481992,132.9528,0.0009206333
6.679400000000001,1.15484,13.397999999999996,0.03294377,13.355800000000002,0.00745229,133.9528,0.0009309837
6.729399999999998,1.17455,13.497999999999998,0.03290233,13.45580000000001,0.00742359,134.9528,0.0009414597
6.779399999999999,1.19335,13.597999999999999,0.0328641,13.555800000000005,0.007395887,135.9528,0.0009520605
6.8294,1.21093,13.698,0.03282898,13.6558,0.007369166,136.9528,0.0009627827
6.8794,1.22701,13.798000000000002,0.03279686,13.755800000000008,0.007343405,137.9528,0.0009736231
6.929400000000001,1.24133,13.897999999999996,0.03276757,13.855800000000002,0.007318576,138.9528,0.0009845804
6.979399999999998,1.25366,13.997999999999998,0.03274098,13.95580000000001,0.007294642,139.9528,0.0009956565
7.029399999999999,1.26381,14.097999999999999,0.03271693,14.055800000000005,0.007271562,140.9528,0.001006856
7.0794,1.27163,14.198,0.03269524,14.1558,0.007249291,141.9528,0.001018187
7.1294,1.27704,14.298000000000002,0.03267574,14.255800000000008,0.007227778,142.9528,0.001029658
7.179400000000001,1.28001,14.397999999999996,0.03265823,14.355800000000002,0.007206968,143.9528,0.001041279
7.229399999999998,1.28054,14.497999999999998,0.03264253,14.45580000000001,0.007186806,144.9528,0.001053069
7.279399999999999,1.27871,14.597999999999999,0.03262847,14.555800000000005,0.007167233,145.9528,0.001065083
7.3294,1.27464,14.698,0.03261585,14.6558,0.007148192,146.9528,0.00107763
7.3794,1.26847,14.798000000000002,0.03260452,14.755800000000008,0.007129625,147.9528,0.001090746
7.429400000000001,1.26039,14.897999999999996,0.03259432,14.855800000000002,0.007111476,148.9528,0.001104567
7.479399999999998,1.25062,14.997999999999998,0.03258509,14.95580000000001,0.007093693,149.9528,0.001113931
7.529399999999999,1.23936,15.097999999999999,0.03257672,15.055800000000005,0.007076227,150.9528,0.001124433
7.5794,1.22686,15.198,0.03256911,15.1558,0.007059034,151.9528,0.001139288
7.6294,1.21333,15.298000000000002,0.03256217,15.255800000000008,0.007042076,152.9528,0.001149919
7.679400000000001,1.19899,15.397999999999996,0.03255584,15.355800000000002,0.007025319,153.9528,0.001164255
7.729399999999998,1.18406,15.497999999999998,0.03255007,15.45580000000001,0.007008737,154.9528,0.001176031
7.779399999999999,1.16872,15.597999999999999,0.03254484,15.555800000000005,0.006992308,155.9528,0.001189901
7.8294,1.15316,15.698,0.03254014,15.6558,0.006976016,156.9528,0.00120382
7.8794,1.13754,15.798000000000002,0.03253596,15.755800000000008,0.006959852,157.9528,0.001216489
7.929400000000001,1.12198,15.897999999999996,0.03253233,15.855800000000002,0.006943809,158.9528,0.001230078
7.979399999999998,1.10662,15.997999999999998,0.03252927,15.95580000000001,0.006927885,159.9528,0.001243862
8.029399999999999,1.09156,16.098,0.03252679,16.055800000000005,0.006912082,160.9528,0.001257558
8.0794,1.07688,16.198,0.03252495,16.1558,0.006896404,161.9528,0.001271459
8.1294,1.06266,16.298000000000002,0.03252376,16.255800000000008,0.006880856,162.9528,0.001285587
8.179400000000001,1.04895,16.397999999999996,0.03252324,16.355800000000002,0.006865447,163.9528,0.001299855
8.229399999999998,1.03581,16.497999999999998,0.03252345,16.45580000000001,0.006850185,164.9528,0.001314226
8.279399999999999,1.02326,16.598,0.03252438,16.555800000000005,0.006835076,165.9528,0.001328728
8.3294,1.01133,16.698,0.03252607,16.6558,0.00682013,166.9528,0.001343365
8.3794,1.00004,16.798000000000002,0.03252853,16.755800000000008,0.006805355,167.9528,0.00135813
8.429400000000001,0.989401,16.897999999999996,0.03253176,16.855800000000002,0.006790757,168.9528,0.001373023
8.479399999999998,0.979419,16.997999999999998,0.03253578,16.95580000000001,0.006776345,169.9528,0.001388056
8.529399999999999,0.970092,17.098,0.0325406,17.055800000000005,0.006762122,170.9528,0.001403243
8.5794,0.961419,17.198,0.0325462,17.1558,0.006748097,171.9528,0.001418597
8.6294,0.953394,17.298000000000002,0.0325526,17.255800000000008,0.006734273,172.9528,0.001434124
8.679400000000001,0.946007,17.397999999999996,0.0325598,17.355800000000002,0.006720654,173.9528,0.001449821
8.729399999999998,0.939248,17.497999999999998,0.03256778,17.45580000000001,0.006707245,174.9528,0.001465682
8.779399999999999,0.933104,17.598,0.03257656,17.555800000000005,0.00669405,175.9528,0.001481698
8.8294,0.927564,17.698,0.03258614,17.6558,0.006681072,176.9528,0.001497864
8.8794,0.922611,17.798000000000002,0.03259651,17.755800000000008,0.006668314,177.9528,0.001514174
8.929400000000001,0.918232,17.897999999999996,0.03260769,17.855800000000002,0.006655778,178.9528,0.001530626
8.979399999999998,0.91441,17.997999999999998,0.03261966,17.95580000000001,0.006643467,179.9528,0.00154722
9.029399999999999,0.911129,18.098,0.03263245,18.055800000000005,0.006631383,180.9528,0.001563962
9.0794,0.908372,18.198,0.03264605,18.1558,0.006619528,181.9528,0.001580858
9.1294,0.906122,18.298000000000002,0.03266047,18.255800000000008,0.006607902,182.9528,0.001597916
9.179400000000001,0.904362,18.397999999999996,0.03267571,18.355800000000002,0.006596506,183.9528,0.001615143
9.229399999999998,0.903072,18.497999999999998,0.03269178,18.45580000000001,0.00658534,184.9528,0.001632546
9.279399999999999,0.902235,18.598,0.03270867,18.555800000000005,0.006574402,185.9528,0.001650126
9.3294,0.901831,18.698,0.0327264,18.6558,0.006563734,186.9528,0.001667884
9.3794,0.90184,18.798000000000002,0.03274495,18.755800000000008,0.006553249,187.9528,0.001685817
9.429400000000001,0.902242,18.897999999999996,0.03276432,18.855800000000002,0.006542985,188.9528,0.00170392
9.479399999999998,0.903017,18.997999999999998,0.03278452,18.95580000000001,0.006532938,189.9528,0.001722191
9.529399999999999,0.904141,19.098,0.03280553,19.055800000000005,0.006523105,190.9528,0.001740627
9.5794,0.905591,19.198,0.03282734,19.1558,0.006513479,191.9528,0.001759226
9.6294,0.907346,19.298000000000002,0.03284994,19.255800000000008,0.006504055,192.9528,0.001777987
9.679400000000001,0.90938,19.397999999999996,0.03287332,19.355800000000002,0.006494828,193.9528,0.001796911
9.729399999999998,0.911668,19.497999999999998,0.03289747,19.45580000000001,0.00648579,194.9528,0.001816003
9.779399999999999,0.914184,19.598,0.03292235,19.555800000000005,0.006476937,195.9528,0.001835266
9.8294,0.916904,19.698,0.03294795,19.6558,0.00646826,196.9528,0.001854706
9.8794,0.919798,19.798000000000002,0.03297426,19.755800000000008,0.006459755,197.9528,0.00187433
9.929400000000001,0.922839,19.897999999999996,0.03300125,19.855800000000002,0.006451415,198.9528,0.001894142
9.979399999999998,0.926,19.997999999999998,0.03302891,19.95580000000001,0.006443235,199.9528,0.001914148
10.029399999999999,0.929252,20.098,0.03305721,20.055800000000005,0.006435208,200.9528,0.001934347
10.0794,0.932567,20.198,0.03308613,20.1558,0.006427331,201.9528,0.00195474
10.1294,0.935915,20.298000000000002,0.03311566,20.255800000000008,0.006419599,202.9528,0.001975323
10.179400000000001,0.939269,20.397999999999996,0.03314577,20.355800000000002,0.006412007,203.9528,0.00199609
10.229399999999998,0.9426,20.497999999999998,0.03317645,20.45580000000001,0.006404552,204.9528,0.002017038
10.279399999999999,0.945881,20.598,0.03320766,20.555800000000005,0.00639723,205.9528,0.002038161
10.3294,0.949085,20.698,0.03323941,20.6558,0.006390039,206.9528,0.002059461
10.3794,0.952187,20.798000000000002,0.03327168,20.755800000000008,0.006382976,207.9528,0.002080939
10.429400000000001,0.955161,20.897999999999996,0.03330443,20.855800000000002,0.006376038,208.9528,0.002102599
10.479399999999998,0.957984,20.997999999999998,0.03333767,20.95580000000001,0.006369224,209.9528,0.002124448
10.529399999999999,0.960635,21.098,0.03337138,21.055800000000005,0.006362531,210.9528,0.002146494
10.5794,0.963094,21.198,0.03340554,21.1558,0.006355958,211.9528,0.002168743
10.6294,0.965341,21.298000000000002,0.03344015,21.255800000000008,0.006349504,212.9528,0.002191202
10.679400000000001,0.967362,21.397999999999996,0.0334752,21.355800000000002,0.006343166,213.9528,0.002213873
10.729399999999998,0.969143,21.497999999999998,0.03351067,21.45580000000001,0.006336943,214.9528,0.002236755
10.779399999999999,0.970671,21.598,0.03354656,21.555800000000005,0.006330833,215.9528,0.002259845
10.8294,0.971939,21.698,0.03358288,21.6558,0.006324837,216.9528,0.002283139
10.8794,0.97294,21.798000000000002,0.0336196,21.755800000000008,0.006318952,217.9528,0.002306631
10.929400000000001,0.973669,21.897999999999996,0.03365674,21.855800000000002,0.006313177,218.9528,0.002330317
10.979399999999998,0.974124,21.997999999999998,0.0336943,21.95580000000001,0.006307511,219.9528,0.002354195
11.029399999999999,0.974307,22.098,0.03373226,22.055800000000005,0.006301953,220.9528,0.002378264
11.0794,0.974221,22.198,0.03377065,22.1558,0.006296503,221.9528,0.002402529
11.1294,0.973869,22.298000000000002,0.03380946,22.255800000000008,0.006291159,222.9528,0.002426997
11.179400000000001,0.973259,22.397999999999996,0.0338487,22.355800000000002,0.00628592,223.9528,0.002451674
11.229399999999998,0.972401,22.497999999999998,0.03388838,22.45580000000001,0.006280787,224.9528,0.002476568
11.279399999999999,0.971305,22.598,0.0339285,22.555800000000005,0.006275759,225.9528,0.002501687
11.3294,0.969981,22.698,0.03396907,22.6558,0.006270834,226.9528,0.002527033
11.3794,0.968445,22.798000000000002,0.03401011,22.755800000000008,0.006266013,227.9528,0.002552607
11.429400000000001,0.96671,22.897999999999996,0.0340516,22.855800000000002,0.006261294,228.9528,0.002578404
11.479399999999998,0.964791,22.997999999999998,0.03409358,22.95580000000001,0.006256678,229.9528,0.002604422
11.529399999999999,0.962703,23.098,0.03413605,23.055800000000005,0.006252164,230.9528,0.002630654
11.5794,0.960464,23.198,0.034179,23.1558,0.006247751,231.9528,0.002657099
11.6294,0.95809,23.298000000000002,0.03422245,23.255800000000008,0.006243438,232.9528,0.002683753
11.679400000000001,0.955596,23.397999999999996,0.0342664,23.355800000000002,0.006239225,233.9528,0.002710618
11.729399999999998,0.952998,23.497999999999998,0.03431086,23.45580000000001,0.00623511,234.9528,0.002737697
11.779399999999999,0.950315,23.598,0.03435582,23.555800000000005,0.006231093,235.9528,0.002764994
11.8294,0.94756,23.698,0.0344013,24.555800000000005,0.006195924,236.9528,0.002792514
11.8794,0.944748,23.798000000000002,0.03444727,25.555800000000005,0.006168469,237.9528,0.002820263
11.929400000000001,0.941895,23.897999999999996,0.03449375,26.555800000000005,0.006147518,238.9528,0.002848244
11.979399999999998,0.939015,23.997999999999998,0.03454073,27.555800000000005,0.006133405,239.9528,0.00287646
12.029399999999999,0.936121,24.098,0.03458819,28.555800000000005,0.006126309,240.9528,0.002904913
12.0794,0.933224,24.198,0.03463613,29.555800000000005,0.006124927,241.9528,0.0029336
12.1294,0.930337,24.298000000000002,0.03468455,30.555800000000005,0.006127343,242.9528,0.002962519
12.179400000000001,0.927472,24.397999999999996,0.03473342,31.555800000000005,0.006132724,243.9528,0.002991663
12.229399999999998,0.924637,24.497999999999998,0.03478275,32.555800000000005,0.006141801,244.9528,0.003021003
12.279399999999999,0.921842,24.598,0.0348325,33.555800000000005,0.006155473,245.9528,0.003050476
12.3294,0.919097,24.698,0.03488268,34.555800000000005,0.006173557,246.9528,0.00308031
12.3794,0.916408,24.798000000000002,0.03493326,35.555800000000005,0.006194907,247.9528,0.003110726
12.429400000000001,0.913783,24.897999999999996,0.03498423,36.555800000000005,0.006218437,248.9528,0.003141402
12.479399999999998,0.911227,24.997999999999998,0.03503557,37.555800000000005,0.006243905,249.9528,0.003171601
12.529399999999999,0.908747,25.098,0.03508728,38.555800000000005,0.006271821,250.9528,0.003202759
12.5794,0.906348,25.198,0.03513933,39.555800000000005,0.006302777,251.9528,0.003233471
12.6294,0.904033,25.298000000000002,0.03519172,40.555800000000005,0.006336923,252.9528,0.003264574
12.679400000000001,0.901808,25.397999999999996,0.03524442,41.555800000000005,0.006373941,253.9528,0.00329632
12.729399999999998,0.899674,25.497999999999998,0.03529744,42.555800000000005,0.006413276,254.9528,0.003327973
12.779399999999999,0.897635,25.598,0.03535076,43.555800000000005,0.006454429,255.9528,0.003360109
12.8294,0.895692,25.698,0.03540436,44.555800000000005,0.006497072,256.9528,0.003392431
12.8794,0.893849,25.798000000000002,0.03545825,45.555800000000005,0.006541097,257.9528,0.003424959
12.929400000000001,0.892105,25.897999999999996,0.03551241,46.555800000000005,0.006586413,258.9528,0.003457778
12.979399999999998,0.890463,25.997999999999998,0.03556685,47.555800000000005,0.006632115,259.9528,0.003490861
13.029399999999999,0.888922,26.098,0.03562155,48.555800000000005,0.006669539,260.9528,0.003524176
13.0794,0.887483,26.198,0.03567651,49.555800000000005,0.006419916,261.9528,0.003557737
13.1294,0.886146,26.298000000000002,0.03573174,50.555800000000005,0.006432927,262.9528,0.003591554
13.179400000000001,0.88491,26.397999999999996,0.03578723,51.555800000000005,0.006835719,263.9528,0.003625627
13.229399999999998,0.883775,26.497999999999998,0.03584298,52.555800000000005,0.006914523,264.9528,0.003659954
13.279399999999999,0.88274,26.598,0.03589901,53.555800000000005,0.006954523,265.9528,0.00369454
13.3294,0.881803,26.698,0.0359553,54.555800000000005,0.007043372,266.9528,0.003729391
13.3794,0.880964,26.798000000000002,0.03601187,55.555800000000005,0.007063239,267.9528,0.00376451
13.429400000000001,0.88022,26.897999999999996,0.03606872,56.555800000000005,0.007030494,268.9528,0.003799897
13.479399999999998,0.879569,26.997999999999998,0.03612586,57.555800000000005,0.00714078,269.9528,0.003835555
13.529399999999999,0.879011,27.098,0.03618329,58.555800000000005,0.007112752,270.9528,0.003871482
13.5794,0.878541,27.198,0.03624101,59.555800000000005,0.007205008,271.9528,0.003907678
13.6294,0.878158,27.298000000000002,0.03629905,60.555800000000005,0.007291131,272.9528,0.003944142
13.679400000000001,0.877858,27.397999999999996,0.03635739,61.555800000000005,0.007337853,273.9528,0.003980875
13.729399999999998,0.87764,27.497999999999998,0.03641605,62.555800000000005,0.007399048,274.9528,0.004017875
13.779399999999999,0.877499,27.598,0.03647504,63.555800000000005,0.007477749,275.9528,0.004055143
13.8294,0.877433,27.697999999999993,0.03653435,64.5558,0.007549626,276.9528,0.004092681
13.8794,0.877438,27.798000000000002,0.036594,65.5558,0.007617258,277.9528,0.004130491
13.929400000000001,0.877511,27.897999999999996,0.036654,66.5558,0.00768914,278.9528,0.004168574
13.979399999999998,0.877647,27.998000000000005,0.03671433,67.5558,0.007765376,279.9528,0.004206933
14.029399999999999,0.877844,28.098,0.03677501,68.5558,0.007842593,280.9528,0.004245572
14.0794,0.878096,28.197999999999993,0.03683604,69.5558,0.007920052,281.9528,0.004284491
14.1294,0.8784,28.298000000000002,0.03689742,70.5558,0.007998615,282.9528,0.004323694
14.179400000000001,0.878752,28.397999999999996,0.03695916,71.5558,0.008078828,283.9528,0.004363182
14.229399999999998,0.879147,28.498000000000005,0.03702124,72.5558,0.008160469,284.9528,0.004402956
14.279399999999999,0.879582,28.598,0.03708371,73.5558,0.00824329,285.9528,0.004443015
14.3294,0.880051,28.697999999999993,0.0371465,74.5558,0.008327292,286.9528,0.004483361
14.3794,0.880551,28.798000000000002,0.03720964,75.5558,0.008412779,287.9528,0.004523993
14.429400000000001,0.881077,28.897999999999996,0.03727312,76.5558,0.008500005,288.9528,0.004564912
14.479399999999998,0.881626,28.998000000000005,0.03733693,77.5558,0.008588893,289.9528,0.004606116
14.529399999999999,0.882191,29.098,0.03740109,78.5558,0.008679104,290.9528,0.004647608
14.5794,0.88277,29.197999999999993,0.03746558,79.5558,0.008770359,291.9528,0.004689388
14.6294,0.883359,29.298000000000002,0.03753039,80.5558,0.008862654,292.9528,0.004731457
14.679400000000001,0.883953,29.397999999999996,0.03759553,81.5558,0.008956232,293.9528,0.004773817
14.729399999999998,0.884548,29.498000000000005,0.03766099,82.5558,0.009051098,294.9528,0.00481647
14.779399999999999,0.885141,29.598,0.03772676,83.5558,0.009147409,295.9528,0.004859418
14.8294,0.885728,29.697999999999993,0.03779284,84.5558,0.009245212,296.9528,0.004902665
14.8794,0.886306,29.798000000000002,0.03785923,85.5558,0.009344508,297.9528,0.004946213
14.929400000000001,0.886872,29.897999999999996,0.03792591,86.5558,0.009445239,298.9528,0.004990064
14.979399999999998,0.887422,29.998000000000005,0.03799289,87.5558,0.009547301,299.9528,0.00503422
15.029399999999999,0.887955,30.098,0.03806017,88.5558,0.009650605,300.9528,0.00507868
15.0794,0.888467,30.197999999999993,0.03812773,89.5558,0.009755117,301.9528,0.005123446
15.1294,0.888956,30.298000000000002,0.03819559,90.5558,0.009860849,302.9528,0.005168516
15.179400000000001,0.889421,30.397999999999996,0.03826373,91.5558,0.009967834,303.9528,0.005213889
15.229399999999998,0.88986,30.498000000000005,0.03833216,92.5558,0.01007613,304.9528,0.005259565
15.279399999999999,0.890271,30.598,0.03840088,93.5558,0.0101858,305.9528,0.005305544
15.3294,0.890653,30.697999999999993,0.03846989,94.5558,0.01029693,306.9528,0.005351826
15.3794,0.891005,30.798000000000002,0.03853919,95.5558,0.01040971,307.9528,0.005398414
15.429400000000001,0.891326,30.897999999999996,0.03860879,96.5558,0.01052378,308.9528,0.005445308
15.479399999999998,0.891617,30.998000000000005,0.03867869,97.5558,0.0106392,309.9528,0.005492514
15.529399999999999,0.891876,31.098,0.03874889,98.5558,0.0107559,310.9528,0.005540033
15.5794,0.892103,31.197999999999993,0.03881941,99.5558,0.01087382,311.9528,0.00558787
15.6294,0.8923,31.298000000000002,0.03889025,100.5558,0.010993,312.9528,0.005636027
15.679400000000001,0.892465,31.397999999999996,0.03896142,101.5558,0.01111347,313.9528,0.005684507
15.729399999999998,0.892601,31.498000000000005,0.03903293,102.5558,0.01123529,314.9528,0.00573331
15.779399999999999,0.892707,31.598,0.03910479,103.5558,0.01135852,315.9528,0.005782434
15.8294,0.892784,31.697999999999993,0.03917702,104.5558,0.01148319,316.9528,0.005831881
15.8794,0.892833,31.798000000000002,0.03924963,105.5558,0.01160934,317.9528,0.005881647
15.929400000000001,0.892856,31.897999999999996,0.03932265,106.5558,0.01173694,318.9528,0.005931733
15.979399999999998,0.892854,31.998000000000005,0.03939608,107.5558,0.01186593,319.9528,0.005982137
16.0294,0.892828,32.098,0.03946995,108.5558,0.01199624,320.9528,0.00603286
16.0794,0.892779,32.19799999999999,0.03954428,109.5558,0.0121278,321.9528,0.006083904
16.1294,0.892708,32.298,0.03961911,110.5558,0.01226103,322.9528,0.00613527
16.1794,0.892619,32.397999999999996,0.03969447,111.5558,0.01239522,323.9528,0.006186963
16.2294,0.892511,32.498000000000005,0.03977038,112.5558,0.01253083,324.9528,0.006238985
16.2794,0.892386,32.598,0.0398469,113.5558,0.01266793,325.9528,0.006291338
16.3294,0.892246,32.69799999999999,0.03992407,114.5558,0.01280654,326.9528,0.006344026
16.3794,0.892093,32.798,0.04000195,115.5558,0.01294666,327.9528,0.00639705
16.4294,0.891927,32.897999999999996,0.0400806,116.5558,0.01308833,328.9528,0.006450411
16.4794,0.891752,32.998000000000005,0.04016012,117.5558,0.01323212,329.9528,0.006504111
16.5294,0.891567,33.098,0.04024059,118.5558,0.01338465,330.9528,0.00655815
16.5794,0.891375,33.19799999999999,0.04032214,119.5558,0.01353052,331.9528,0.006612527
16.6294,0.891177,33.298,0.04040493,120.5558,0.01366734,332.9528,0.006667242
16.6794,0.890974,33.397999999999996,0.04048915,121.5558,0.01381644,333.9528,0.006722295
16.7294,0.890769,33.498000000000005,0.04057506,122.5558,0.01396454,334.9528,0.006777685
16.7794,0.890562,33.598,0.04066299,123.5558,0.01411396,335.9528,0.006833413
16.8294,0.890354,33.69799999999999,0.04075341,124.5558,0.01426844,336.9528,0.00688948
16.8794,0.890147,33.798,0.040847,125.5558,0.01444203,337.9528,0.006945886
16.9294,0.889943,33.897999999999996,0.04094475,126.5558,0.01458109,338.9528,0.007002633
16.9794,0.889742,33.998000000000005,0.04104822,127.5558,0.01474163,339.9528,0.007059724
17.0294,0.889546,34.098,0.04116004,128.5558,0.01490025,340.9528,0.007117161
17.0794,0.889355,34.19799999999999,0.04128501,129.5558,0.01505787,341.9528,0.007174945
17.1294,0.889172,34.298,0.04143244,130.5558,0.01521967,342.9528,0.007233081
17.1794,0.888996,34.397999999999996,0.04161326,131.5558,0.01538266,343.9528,0.00729157
17.2294,0.88883,34.498000000000005,0.04155972,132.5558,0.01554585,344.9528,0.007350414
17.2794,0.888674,34.598,0.0412043,133.5558,0.01571088,345.9528,0.007409615
17.3294,0.888528,34.69799999999999,0.04152984,134.5558,0.01587772,346.9528,0.007469172
17.3794,0.888395,34.798,0.04181255,135.5558,0.01604585,347.9528,0.007529086
17.4294,0.888275,34.897999999999996,0.04199387,136.5558,0.01621511,348.9528,0.007589356
17.4794,0.888168,34.998000000000005,0.04121847,137.5558,0.0163857,349.9528,0.007649983
17.5294,0.888076,35.098,0.04093777,138.5558,0.0165577,350.9528,0.007710965
17.5794,0.888,35.19799999999999,0.04129563,139.5558,0.0167311,351.9528,0.007772303
17.6294,0.88794,35.298,0.04156573,140.5558,0.0169059,352.9528,0.007833996
17.6794,0.887897,35.397999999999996,0.04177999,141.5558,0.01708213,353.9528,0.007896045
17.7294,0.887872,35.498000000000005,0.04197313,142.5558,0.01725983,354.9528,0.007958452
17.7794,0.887866,35.598,0.0421659,143.5558,0.01744037,355.9528,0.008021218
17.8294,0.887879,35.69799999999999,0.04237308,144.5558,0.01762113,356.9528,0.008084348
17.8794,0.887912,35.798,0.04258636,145.5558,0.01780331,357.9528,0.008147846
17.9294,0.887966,35.897999999999996,0.04258078,146.5558,0.01798684,358.9528,0.008211753
17.9794,0.888041,35.998000000000005,0.04222958,147.5558,0.0181717,359.9528,0.008275998
18.0294,0.888138,36.098,0.04190376,148.5558,0.0183579,360.9528,0.008340534
18.0794,0.888258,36.19799999999999,0.04146654,149.5558,0.01854545,361.9528,0.008405488
18.1294,0.8884,36.298,0.0419256,150.5558,0.01873439,362.9528,0.008470864
18.1794,0.888567,36.397999999999996,0.04218869,151.5558,0.01892475,363.9528,0.008536563
18.2294,0.888765,36.498000000000005,0.04238701,152.5558,0.01911659,364.9528,0.008602689
18.2794,0.888981,36.598,0.04255689,153.5558,0.01930995,365.9528,0.008669163
18.3294,0.889221,36.69799999999999,0.04271363,154.5558,0.01950486,366.9528,0.00873601
18.3794,0.889488,36.798,0.04286589,155.5558,0.01970131,367.9528,0.008803248
18.4294,0.889782,36.897999999999996,0.04302015,156.5558,0.01989926,368.9528,0.008870824
18.4794,0.890102,36.998000000000005,0.04318279,157.5558,0.02009863,,
18.5294,0.89045,37.098,0.04336073,158.5558,0.02029936,,
18.5794,0.890827,37.19799999999999,0.04355542,159.5558,0.02050138,,
18.6294,0.891233,37.298,0.04369571,160.5558,0.0207047,,
18.6794,0.89167,37.397999999999996,0.04334705,161.5558,0.02091121,,
18.7294,0.892137,37.498000000000005,0.04387112,162.5558,0.0211174,,
18.7794,0.892636,37.598,0.0438616,163.5558,0.02132513,,
18.8294,0.893169,37.69799999999999,0.0420348,164.5558,0.02153444,,
18.8794,0.893737,37.798,0.04281026,165.5558,0.02174536,,
18.9294,0.894341,37.897999999999996,0.04315313,166.5558,0.02195787,,
18.9794,0.894984,37.998000000000005,0.04337999,167.5558,0.02217191,,
19.0294,0.895669,38.098,0.04356018,168.5558,0.02238741,,
19.0794,0.896399,38.19799999999999,0.0437171,169.5558,0.02260431,,
19.1794,0.898008,38.298,0.04386145,170.5558,0.02282256,,
19.2794,0.899857,38.397999999999996,0.04399909,171.5558,0.02304214,,
19.3794,0.902019,38.498000000000005,0.04413386,172.5558,0.02326309,,
19.4794,0.904623,38.598,0.0442688,173.5558,0.02348545,,
19.5794,0.907921,38.69799999999999,0.04440691,174.5558,0.02370932,,
19.6794,0.912479,38.798,0.04455169,175.5558,0.02393475,,
19.7794,0.919941,38.897999999999996,0.04470789,176.5558,0.0241618,,
19.8794,0.936816,38.998000000000005,0.04488188,177.5558,0.02439049,,
19.9794,0.872254,39.098,0.04507676,178.5558,0.02462078,,
20.0794,0.900259,39.19799999999999,0.04522475,179.5558,0.02485488,,
20.1794,0.916824,39.298,0.04469415,180.5558,0.02508826,,
20.2794,0.937247,39.397999999999996,0.04615349,181.5558,0.02532304,,
20.3794,0.94007,39.498000000000005,0.04457785,182.5558,0.02555921,,
20.4794,0.831985,39.598,0.0439583,183.5558,0.02579675,,
20.5794,0.869283,39.69799999999999,0.0442798,184.5558,0.02603571,,
20.6794,0.884767,39.798,0.04465889,185.5558,0.02627613,,
20.7794,0.894038,39.897999999999996,0.04490553,186.5558,0.02651808,,
20.8794,0.901339,39.998000000000005,0.04510505,187.5558,0.02676158,,
20.9794,0.908412,40.098,0.04512347,188.5558,0.02700669,,
21.0794,0.916686,40.19799999999999,0.04523592,189.5558,0.02725342,,
21.1794,0.928363,40.298,0.04532712,190.5558,0.02750175,,
21.279400000000003,0.943419,40.397999999999996,0.04540881,191.5558,0.02775166,,
21.379399999999997,0.924286,40.498000000000005,0.04548709,192.5558,0.02800312,,
21.4794,0.872964,40.598,0.04556459,193.5558,0.02825608,,
21.5794,0.829718,40.69799999999999,0.04564246,194.5558,0.02851049,,
21.6794,0.870547,40.798,0.04572129,195.5558,0.02876632,,
21.779400000000003,0.883711,40.897999999999996,0.04580197,196.5558,0.02902355,,
21.879399999999997,0.891346,40.998000000000005,0.04588579,197.5558,0.02928221,,
21.9794,0.896913,41.098,0.04597307,198.5558,0.02954497,,
22.0794,0.901553,41.19799999999999,0.04605857,199.5558,0.02980661,,
22.1794,0.905822,41.298,0.04610922,200.5558,0.03006976,,
22.279400000000003,0.910098,41.397999999999996,0.04592152,201.5558,0.03033416,,
22.379399999999997,0.914762,41.498000000000005,0.04456782,202.5558,0.03059596,,
22.4794,0.920358,41.598,0.04315803,203.5558,0.03086146,,
22.5794,0.927876,41.69799999999999,0.0422964,204.5558,0.03113886,,
22.6794,0.93871,41.798,0.0414445,205.5558,0.03141176,,
22.779400000000003,0.93321,41.897999999999996,0.04389001,206.5558,0.03168291,,
22.879399999999997,0.947966,41.998000000000005,0.04486484,207.5558,0.03195895,,
22.9794,0.920685,42.098,0.04531535,208.5558,0.03223341,,
23.0794,0.793525,42.19799999999999,0.0455879,209.5558,0.03251081,,
23.1794,0.866496,42.298,0.04578248,210.5558,0.03278913,,
23.279400000000003,0.88559,42.397999999999996,0.04593679,211.5558,0.03306792,,
23.379399999999997,0.894692,42.498000000000005,0.04606792,212.5558,0.03335044,,
23.4794,0.900617,42.598,0.0461846,213.5558,0.03363376,,
23.5794,0.905115,42.69799999999999,0.04629158,214.5558,0.0339184,,
23.6794,0.908873,42.798,0.04639148,215.5558,0.03420499,,
23.779400000000003,0.912227,42.897999999999996,0.04648558,216.5558,0.03449327,,
23.879399999999997,0.915383,42.998000000000005,0.04657425,217.5558,0.03478302,,
23.9794,0.918486,43.098,0.04665699,218.5558,0.0350773,,
24.0794,0.921668,43.19799999999999,0.04673237,219.5558,0.0353702,,
24.1794,0.925081,43.298,0.04679764,220.5558,0.0356646,,
24.279400000000003,0.928944,43.397999999999996,0.04684818,221.5558,0.03596045,,
24.379399999999997,0.93363,43.498000000000005,0.04687651,222.5558,0.03625775,,
24.4794,0.939893,43.598,0.04687132,223.5558,0.03655653,,
24.5794,0.949216,43.69799999999999,0.04681767,224.5558,0.03685679,,
24.6794,0.950948,43.798,0.04670186,225.5558,0.03715859,,
24.779400000000003,0.956309,43.897999999999996,0.04652547,226.5558,0.03746194,,
24.879399999999997,0.892913,43.998000000000005,0.04632222,227.5558,0.03776689,,
24.9794,0.968138,44.098,0.04615212,228.5558,0.03807347,,
25.0794,0.873139,44.19799999999999,0.04606718,229.5558,0.0383817,,
25.1794,0.90147,44.298,0.04608666,230.5558,0.03869157,,
25.279400000000003,0.912037,44.397999999999996,0.04619803,231.5558,0.03900306,,
25.379399999999997,0.918578,44.498000000000005,0.04636983,232.5558,0.03931612,,
25.4794,0.927335,44.598,0.04656864,233.5558,0.03963071,,
25.5794,0.925927,44.69799999999999,0.04677076,234.5558,0.03994677,,
25.6794,0.928845,44.798,0.04696389,235.5558,0.04026427,,
25.779400000000003,0.931368,44.897999999999996,0.04714354,236.5558,0.04058319,,
25.879399999999997,0.933672,44.998000000000005,0.04730925,237.5558,0.04090356,,
25.9794,0.935863,45.098,0.04746219,238.5558,0.0412254,,
26.0794,0.938009,45.19799999999999,0.047604,239.5558,0.04155199,,
26.1794,0.940166,45.298,0.04773624,240.5558,0.04187698,,
26.279400000000003,0.94239,45.397999999999996,0.04786027,241.5558,0.04220362,,
26.379399999999997,0.944758,45.498000000000005,0.04797714,242.5558,0.04253192,,
26.4794,0.947393,45.598,0.04808767,243.5558,0.04286189,,
26.5794,0.95049,45.69799999999999,0.04819242,244.5558,0.0431935,,
26.6794,0.954362,45.798,0.04829176,245.5558,0.04352671,,
26.779400000000003,0.959189,45.897999999999996,0.04838587,246.5558,0.04386145,,
26.879399999999997,0.957951,45.998000000000005,0.04847478,247.5558,0.04419767,,
26.9794,0.934641,46.098,0.04855841,248.5558,0.04453532,,
27.0794,0.925699,46.19799999999999,0.04863661,249.5558,0.04487437,,
27.1794,0.907755,46.298,0.04870924,250.5558,0.04521484,,
27.279400000000003,0.906036,46.397999999999996,0.04877623,251.5558,0.04555675,,
27.379399999999997,0.923262,46.498000000000005,0.04883772,252.5558,0.04590016,,
27.4794,0.931826,46.598,0.04889412,253.5558,0.04624513,,
27.5794,0.936978,46.69799999999999,0.04894624,254.5558,0.04659171,,
27.6794,0.940666,46.798,0.04899529,255.5558,0.04693993,,
27.779400000000003,0.943545,46.897999999999996,0.04904284,256.5558,0.0472898,,
27.879399999999997,0.945973,46.998000000000005,0.04909067,257.5558,0.04764132,,
27.9794,0.94812,47.098,0.04914059,258.5558,0.04799444,,
28.0794,0.950085,47.19799999999999,0.04919423,259.5558,0.04834911,,
28.1794,0.951926,47.298,0.04925285,260.5558,0.04870529,,
28.279400000000003,0.953682,47.397999999999996,0.04931725,261.5558,0.04906617,,
28.379399999999997,0.955376,47.498000000000005,0.04938774,262.5558,0.04942523,,
28.4794,0.957024,47.598,0.04946418,263.5558,0.04978569,,
28.5794,0.958632,47.69799999999999,0.0495461,264.5558,0.05014758,,
28.6794,0.960196,47.798,0.04963281,265.5558,0.05051091,,
28.779400000000003,0.961701,47.897999999999996,0.0497235,266.5558,0.05087573,,
28.879399999999997,0.963107,47.998000000000005,0.04981732,267.5558,0.05124209,,
28.9794,0.964339,48.098,0.04991365,268.5558,0.05161004,,
29.0794,0.965263,48.19799999999999,0.05001146,269.5558,0.05197959,,
29.1794,0.965675,48.298,0.0501103,270.5558,0.05235076,,
29.279400000000003,0.965358,48.397999999999996,0.05020965,271.5558,0.05272352,,
29.379399999999997,0.964292,48.498000000000005,0.05030914,272.5558,0.05309787,,
29.4794,0.962859,48.598,0.05040842,273.5558,0.05347374,,
29.5794,0.96165,48.69799999999999,0.05050727,274.5558,0.0538511,,
29.6794,0.961059,48.798,0.05060549,275.5558,0.0542299,,
29.779400000000003,0.96121,48.897999999999996,0.05070294,276.5558,0.05461011,,
29.879399999999997,0.962046,48.998000000000005,0.05079953,277.5558,0.05499173,,
29.9794,0.963386,49.098,0.05089516,278.5558,0.05537474,,
30.0794,0.965022,49.19799999999999,0.0509898,279.5558,0.05575919,,
30.1794,0.966791,49.298,0.05108341,280.5558,0.05614508,,
30.279400000000003,0.968591,49.397999999999996,0.05117595,281.5558,0.05653247,,
30.379399999999997,0.970373,49.498000000000005,0.05126744,282.5558,0.05692139,,
30.4794,0.972113,49.598,0.05135788,283.5558,0.05731502,,
30.5794,0.973804,49.69799999999999,0.05144728,284.5558,0.05770708,,
30.6794,0.975448,49.798,0.0515357,285.5558,0.05810071,,
30.779400000000003,0.977046,49.897999999999996,0.05162319,286.5558,0.05849589,,
30.879399999999997,0.978604,49.998000000000005,0.05170982,287.5558,0.05889258,,
30.9794,0.980124,50.098,0.05179567,288.5558,0.05929075,,
31.0794,0.98161,50.19799999999999,0.05188086,289.5558,0.05969035,,
31.1794,0.983064,50.298,0.05196549,290.5558,0.06009135,,
31.279400000000003,0.984486,50.397999999999996,0.0520497,291.5558,0.06049372,,
31.379399999999997,0.985875,50.498000000000005,0.05213364,292.5558,0.06089747,,
31.4794,0.987231,50.598,0.05221743,293.5558,0.06130261,,
31.5794,0.988549,50.69799999999999,0.05230123,294.5558,0.06170916,,
31.6794,0.989826,50.798,0.05238517,295.5558,0.06211715,,
31.779400000000003,0.991058,50.897999999999996,0.05246939,296.5558,0.06252662,,
31.879399999999997,0.99224,50.998000000000005,0.05255401,297.5558,0.06293759,,
31.9794,0.993368,51.098,0.05263913,298.5558,0.06335009,,
32.0794,0.994444,51.19799999999999,0.05272482,299.5558,0.06376413,,
32.1794,0.995469,51.298,0.05281115,300.5558,0.06417982,,
32.2794,0.996452,51.397999999999996,0.05289816,301.5558,0.06459683,,
32.3794,0.997403,51.498000000000005,0.05298586,302.5558,0.06501504,,
32.4794,0.998338,51.598,0.05307425,303.5558,0.06543488,,
32.5794,0.999273,51.69799999999999,0.05316331,304.5558,0.06585616,,
32.6794,1.00022,51.798,0.05325302,305.5558,0.06627865,,
32.7794,1.0012,51.897999999999996,0.05334331,306.5558,0.06670276,,
32.8794,1.00221,51.998000000000005,0.05343415,307.5558,0.06713165,,
32.9794,1.00327,52.098,0.05352549,308.5558,0.06755779,,
33.0794,1.00437,52.19799999999999,0.05361725,309.5558,0.067986,,
33.1794,1.00551,52.298,0.05370938,310.5558,0.06841547,,
33.2794,1.00669,52.397999999999996,0.05380184,311.5558,0.06884632,,
33.3794,1.00791,52.498000000000005,0.05389456,312.5558,0.0692787,,
33.4794,1.00916,52.598,0.05398749,313.5558,0.06971251,,
33.5794,1.01043,52.69799999999999,0.05408059,314.5558,0.07014775,,
33.6794,1.01172,52.798,0.05417382,315.5558,0.07058445,,
33.7794,1.01303,52.897999999999996,0.05426715,316.5558,0.07102258,,
33.8794,1.01434,52.998000000000005,0.05436054,317.5558,0.07146211,,
33.9794,1.01567,53.098,0.05445397,318.5558,0.071903,,
34.0794,1.017,53.19799999999999,0.05454741,319.5558,0.07234524,,
34.1794,1.01833,53.298,0.05464085,320.5558,0.0727888,,
34.2794,1.01967,53.397999999999996,0.05473427,321.5558,0.07323368,,
34.3794,1.021,53.498000000000005,0.05482766,322.5558,0.07367987,,
34.4794,1.02233,53.598,0.05492101,323.5558,0.07412737,,
34.5794,1.02366,53.69799999999999,0.05501432,324.5558,0.07457621,,
34.6794,1.02498,53.798,0.05510758,325.5558,0.0750264,,
34.7794,1.02629,53.897999999999996,0.0552008,326.5558,0.07547796,,
34.8794,1.0276,53.998000000000005,0.05529398,327.5558,0.0759309,,
34.9794,1.02891,54.098,0.05538712,328.5558,0.07638523,,
35.0794,1.0302,54.19799999999999,0.05548024,329.5558,0.07684095,,
35.1794,1.03149,54.298,0.05557335,330.5558,0.07729804,,
35.2794,1.03276,54.397999999999996,0.05566645,331.5558,0.07775649,,
35.3794,1.03403,54.498000000000005,0.05575957,332.5558,0.07821897,,
35.4794,1.03529,54.598,0.05585271,333.5558,0.07868006,,
35.5794,1.03655,54.69799999999999,0.0559459,334.5558,0.07914245,,
35.6794,1.03779,54.798,0.05603915,335.5558,0.07960612,,
35.7794,1.03903,54.897999999999996,0.05613248,336.5558,0.08007105,,
35.8794,1.04027,54.998000000000005,0.0562259,337.5558,0.08053726,,
35.9794,1.0415,55.098,0.05631944,338.5558,0.08100473,,
36.0794,1.04272,55.19799999999999,0.0564131,339.5558,0.08147349,,
36.1794,1.04402,55.298,0.0565069,340.5558,0.08194353,,
36.2794,1.04525,55.397999999999996,0.05660086,341.5558,0.08241488,,
36.3794,1.04647,55.498000000000005,0.05669497,342.5558,0.08288754,,
36.4794,1.04769,55.598,0.05678926,343.5558,0.0833615,,
36.5794,1.04892,55.69799999999999,0.05688372,344.5558,0.08383677,,
36.6794,1.05015,55.798,0.05697836,345.5558,0.08431333,,
36.7794,1.05139,55.897999999999996,0.05707318,346.5558,0.08479118,,
36.8794,1.05263,55.998000000000005,0.05716817,347.5558,0.08527029,,
36.9794,1.05387,56.098,0.05726335,348.5558,0.08575066,,
37.0794,1.05512,56.19799999999999,0.0573587,349.5558,0.08623227,,
37.1794,1.05638,56.298,0.05745423,350.5558,0.08671511,,
37.2794,1.05765,56.397999999999996,0.05754992,351.5558,0.08719918,,
37.3794,1.05892,56.498000000000005,0.05764578,352.5558,0.08768446,,
37.4794,1.06019,56.598,0.0577418,353.5558,0.08817095,,
37.5794,1.06147,56.69799999999999,0.05783797,354.5558,0.08865867,,
37.6794,1.06276,56.798,0.05793429,355.5558,0.08914761,,
37.7794,1.06405,56.897999999999996,0.05803076,356.5558,0.08963777,,
37.8794,1.06534,56.998000000000005,0.05812736,357.5558,0.09013157,,
37.9794,1.06664,57.098,0.0582241,358.5558,0.09062417,,
38.0794,1.06795,57.19799999999999,0.05832097,359.5558,0.091118,,
38.1794,1.06925,57.298,0.05841797,360.5558,0.09161304,,
38.2794,1.07056,57.397999999999996,0.0585151,361.5558,0.09210928,,
38.3794,1.07187,57.498000000000005,0.05861234,362.5558,0.09260672,,
38.4794,1.07318,57.598,0.0587097,363.5558,0.09310534,,
38.5794,1.0745,57.69799999999999,0.05880718,364.5558,0.09360515,,
38.6794,1.07581,57.798,0.05890476,365.5558,0.09410612,,
38.7794,1.07713,57.897999999999996,0.05900245,366.5558,0.09460825,,
38.8794,1.07844,57.998000000000005,0.05910024,367.5558,0.09511154,,
38.9794,1.07976,58.098,0.05919813,368.5558,0.09561599,,
39.0794,1.08108,58.19799999999999,0.05929612,369.5558,0.09612158,,
39.1794,1.08239,58.298,0.0593942,370.5558,0.09662833,,
39.2794,1.08371,58.397999999999996,0.05949238,371.5558,0.09713623,,
39.3794,1.08502,58.498000000000005,0.05959064,372.5558,0.09764527,,
39.4794,1.08634,58.598,0.05968898,373.5558,0.09815546,,
39.5794,1.08765,58.69799999999999,0.05978807,374.5558,0.09866678,,
39.6794,1.08896,58.798,0.0598866,375.5558,0.09917923,,
39.7794,1.09027,58.897999999999996,0.0599852,376.5558,0.0996928,,
39.8794,1.09158,58.998000000000005,0.06008387,377.5558,0.100207,,
39.9794,1.09288,59.098,0.06018263,378.5558,0.100723,,
40.0794,1.09419,59.19799999999999,0.06028146,379.5558,0.10124,,
40.1794,1.09549,59.298,0.06038037,380.5558,0.101758,,
40.2794,1.0968,59.397999999999996,0.06047935,381.5558,0.102277,,
40.3794,1.0981,59.498000000000005,0.06057842,382.5558,0.102797,,
40.4794,1.0994,59.598,0.06067756,383.5558,0.103319,,
40.5794,1.1007,59.69799999999999,0.06077678,384.5558,0.103843,,
40.6794,1.102,59.798,0.06087609,385.5558,0.104366,,
40.7794,1.1033,59.897999999999996,0.06097548,386.5558,0.104891,,
40.8794,1.1046,59.998000000000005,0.06107496,387.5558,0.105416,,
40.9794,1.1059,60.098,0.06117452,388.5558,0.105943,,
41.0794,1.10719,60.19799999999999,0.06127418,389.5558,0.106471,,
41.1794,1.10849,60.298,0.06137393,390.5558,0.106999,,
41.2794,1.10979,60.397999999999996,0.06147377,391.5558,0.107529,,
41.3794,1.11109,60.498000000000005,0.06157372,392.5558,0.10806,,
41.4794,1.11239,60.598,0.06167376,393.5558,0.108592,,
41.5794,1.11369,60.69799999999999,0.06177392,394.5558,0.109124,,
41.6794,1.11499,60.798,0.06187417,395.5558,0.109658,,
41.7794,1.11629,60.897999999999996,0.06197453,396.5558,0.110193,,
41.8794,1.11759,60.998000000000005,0.06207501,397.5558,0.110729,,
41.9794,1.11889,61.098,0.06217559,398.5558,0.111266,,
42.0794,1.1202,61.19799999999999,0.06227629,399.5558,0.111803,,
42.1794,1.1215,61.298,0.06237711,400.5558,0.112342,,
42.2794,1.12281,61.397999999999996,0.06247804,401.5558,0.112882,,
42.3794,1.12412,61.498000000000005,0.06257909,402.5558,0.113423,,
42.4794,1.12542,61.598,0.06268026,403.5558,0.113965,,
42.5794,1.12674,61.69799999999999,0.06278156,404.5558,0.114507,,
42.6794,1.12805,61.798,0.06288298,405.5558,0.115051,,
42.7794,1.12936,61.897999999999996,0.06298452,406.5558,0.115596,,
42.8794,1.13067,61.998000000000005,0.06308618,407.5558,0.116141,,
42.9794,1.13199,62.098,0.06318798,408.5558,0.116688,,
43.0794,1.13331,62.19799999999999,0.06328989,409.5558,0.117235,,
43.1794,1.13462,62.298,0.06339194,410.5558,0.117784,,
43.2794,1.13594,62.397999999999996,0.06349411,411.5558,0.118333,,
43.3794,1.13727,62.498000000000005,0.0635964,412.5558,0.118885,,
43.4794,1.13859,62.598,0.06369882,413.5558,0.119436,,
43.5794,1.13991,62.69799999999999,0.06380137,414.5558,0.119988,,
43.6794,1.14123,62.798,0.06390404,415.5558,0.120541,,
43.7794,1.14256,62.897999999999996,0.06400683,416.5558,0.121095,,
43.8794,1.14389,62.998000000000005,0.06410974,417.5558,0.12165,,
43.9794,1.14521,63.098,0.06421278,418.5558,0.122205,,
44.0794,1.14654,63.19799999999999,0.06431593,419.5558,0.122762,,
44.1794,1.14787,63.298,0.0644192,420.5558,0.123319,,
44.2794,1.14919,63.397999999999996,0.06452259,421.5558,0.123878,,
44.3794,1.15052,63.498000000000005,0.06462609,422.5558,0.124437,,
44.4794,1.15185,63.598,0.06472971,423.5558,0.124997,,
44.5794,1.15318,64.598,0.06577188,,,,
44.6794,1.15451,65.598,0.06682449,,,,
44.7794,1.15584,66.598,0.06788723,,,,
44.8794,1.15716,67.598,0.06895956,,,,
44.9794,1.15862,68.598,0.0700412,,,,
45.0794,1.15995,69.598,0.07113282,,,,
45.1794,1.16127,70.598,0.0722373,,,,
45.2794,1.1626,71.598,0.07335172,,,,
45.3794,1.16393,72.598,0.0744767,,,,
45.4794,1.16525,73.598,0.07561101,,,,
45.5794,1.16657,74.598,0.07675427,,,,
45.6794,1.1679,75.598,0.07790704,,,,
45.7794,1.16922,76.598,0.07906975,,,,
45.8794,1.17054,77.598,0.08024215,,,,
45.9794,1.17186,78.598,0.08142364,,,,
46.0794,1.17318,79.598,0.08261403,,,,
46.1794,1.1745,80.598,0.0838138,,,,
46.2794,1.17582,81.598,0.08502615,,,,
46.3794,1.17714,82.598,0.08624593,,,,
46.4794,1.17846,83.598,0.08747465,,,,
46.5794,1.17978,84.598,0.08871095,,,,
46.6794,1.18109,85.598,0.08995357,,,,
46.7794,1.18241,86.598,0.09120136,,,,
46.8794,1.18373,87.598,0.09245181,,,,
46.9794,1.18504,88.598,0.09369242,,,,
47.0794,1.18636,89.598,0.09527605,,,,
47.1794,1.18768,90.598,0.09661048,,,,
47.2794,1.18899,91.598,0.09763461,,,,
47.3794,1.19031,92.598,0.0991198,,,,
47.4794,1.19163,93.598,0.100251,,,,
47.5794,1.19294,94.598,0.101748,,,,
47.6794,1.19426,95.598,0.102974,,,,
47.7794,1.19558,96.598,0.10455,,,,
47.8794,1.19689,97.598,0.105768,,,,
47.9794,1.19821,98.598,0.107161,,,,
48.0794,1.19953,99.598,0.108588,,,,
48.1794,1.20085,100.598,0.109953,,,,
48.2794,1.20217,101.598,0.111359,,,,
48.3794,1.20349,102.598,0.112784,,,,
48.4794,1.20481,103.598,0.114197,,,,
48.5794,1.20613,104.598,0.115619,,,,
48.6794,1.20745,105.598,0.117058,,,,
48.7794,1.20877,106.598,0.118507,,,,
48.8794,1.2101,107.598,0.119969,,,,
48.9794,1.21142,108.598,0.121433,,,,
49.0794,1.21274,109.598,0.122906,,,,
49.1794,1.21406,110.598,0.124387,,,,
49.2794,1.21539,111.598,0.125875,,,,
49.3794,1.21671,112.598,0.12737,,,,
49.4794,1.21804,113.598,0.128874,,,,
49.5794,1.21936,114.598,0.130386,,,,
49.6794,1.22069,115.598,0.131907,,,,
49.7794,1.22201,116.598,0.133436,,,,
49.8794,1.22334,117.598,0.134973,,,,
49.9794,1.22466,118.598,0.136518,,,,
50.0794,1.22598,119.598,0.138071,,,,
50.1794,1.22731,120.598,0.13963,,,,
50.2794,1.22863,121.598,0.141203,,,,
50.3794,1.22996,122.598,0.142777,,,,
50.4794,1.23128,123.598,0.144358,,,,
50.5794,1.2326,124.598,0.145947,,,,
50.6794,1.23393,125.598,0.147544,,,,
50.7794,1.23525,126.598,0.149148,,,,
50.8794,1.23657,127.598,0.15076,,,,
50.9794,1.23789,128.598,0.152379,,,,
51.0794,1.23921,129.598,0.154005,,,,
51.1794,1.24053,130.598,0.155638,,,,
51.2794,1.24185,131.598,0.157276,,,,
51.3794,1.24317,132.598,0.158921,,,,
51.4794,1.24449,133.598,0.160572,,,,
51.5794,1.2458,134.598,0.162231,,,,
51.6794,1.24712,135.598,0.163903,,,,
51.7794,1.24844,136.598,0.165576,,,,
51.8794,1.24975,137.598,0.167255,,,,
51.9794,1.25107,138.598,0.168941,,,,
52.0794,1.25238,139.598,0.170634,,,,
52.1794,1.25369,140.598,0.172332,,,,
52.2794,1.255,141.598,0.174036,,,,
52.3794,1.25631,142.598,0.175745,,,,
52.4794,1.25763,143.598,0.177461,,,,
52.5794,1.25893,144.598,0.179182,,,,
52.6794,1.26024,145.598,0.180909,,,,
52.7794,1.26155,146.598,0.182642,,,,
52.8794,1.26286,147.598,0.184381,,,,
52.9794,1.26417,148.598,0.186127,,,,
53.0794,1.26547,149.598,0.187878,,,,
53.179399999999994,1.26678,150.598,0.189644,,,,
53.2794,1.26808,151.598,0.191406,,,,
53.3794,1.26939,152.598,0.193174,,,,
53.479400000000005,1.27069,153.598,0.194946,,,,
53.5794,1.272,154.598,0.196723,,,,
53.679399999999994,1.2733,155.598,0.198506,,,,
53.7794,1.2746,156.598,0.200294,,,,
53.8794,1.2759,157.598,0.202088,,,,
53.979400000000005,1.27721,158.598,0.203881,,,,
54.0794,1.27867,159.598,0.205686,,,,
54.179399999999994,1.27997,160.598,0.207492,,,,
54.2794,1.28127,161.598,0.209285,,,,
54.3794,1.28257,162.598,0.211125,,,,
54.479400000000005,1.28387,163.598,0.212931,,,,
54.5794,1.28517,164.598,0.21477,,,,
54.679399999999994,1.28647,165.598,0.216563,,,,
54.7794,1.28777,166.598,0.218436,,,,
54.8794,1.28907,167.598,0.220275,,,,
54.979400000000005,1.29037,168.598,0.222112,,,,
55.0794,1.29166,169.598,0.223963,,,,
55.179399999999994,1.29296,170.598,0.225815,,,,
55.2794,1.29426,171.598,0.22767,,,,
55.3794,1.29556,172.598,0.229531,,,,
55.479400000000005,1.29685,173.598,0.231395,,,,
55.5794,1.29815,174.598,0.233262,,,,
55.679399999999994,1.29944,175.598,0.235133,,,,
55.7794,1.30074,176.598,0.237007,,,,
55.8794,1.30203,177.598,0.238885,,,,
55.979400000000005,1.30333,178.598,0.240766,,,,
56.0794,1.30462,179.598,0.242651,,,,
56.179399999999994,1.30591,180.598,0.24454,,,,
56.2794,1.3072,181.598,0.246433,,,,
56.3794,1.30849,182.598,0.248329,,,,
56.479400000000005,1.30978,183.598,0.25024,,,,
56.5794,1.31107,184.598,0.252143,,,,
56.679399999999994,1.31236,185.598,0.254049,,,,
56.7794,1.31364,186.598,0.255958,,,,
56.8794,1.31493,187.598,0.25787,,,,
56.979400000000005,1.31621,188.598,0.259785,,,,
57.0794,1.31749,189.598,0.261702,,,,
57.179399999999994,1.31877,190.598,0.263622,,,,
57.2794,1.32005,191.598,0.265545,,,,
57.3794,1.32132,192.598,0.26747,,,,
57.479400000000005,1.32259,193.598,0.269399,,,,
57.5794,1.32386,194.598,0.271331,,,,
57.679399999999994,1.32513,195.598,0.273266,,,,
57.7794,1.3264,196.598,0.275203,,,,
57.8794,1.32766,197.598,0.277142,,,,
57.979400000000005,1.32891,198.598,0.279084,,,,
58.0794,1.33017,199.598,0.281027,,,,
58.179399999999994,1.33142,200.598,0.282973,,,,
58.2794,1.33266,201.598,0.284932,,,,
58.3794,1.3339,202.598,0.286881,,,,
58.479400000000005,1.33514,203.598,0.288833,,,,
58.5794,1.33637,204.598,0.290787,,,,
58.679399999999994,1.33759,205.598,0.292743,,,,
58.7794,1.3388,206.598,0.294702,,,,
58.8794,1.34,207.598,0.296663,,,,
58.979400000000005,1.34119,208.598,0.298625,,,,
59.0794,1.34237,209.598,0.30059,,,,
59.179399999999994,1.34353,210.598,0.302556,,,,
59.2794,1.34467,211.598,0.304523,,,,
59.3794,1.34577,212.598,0.306491,,,,
59.479400000000005,1.34684,213.598,0.30846,,,,
59.5794,1.34785,214.598,0.31043,,,,
59.679399999999994,1.34877,215.598,0.312402,,,,
59.7794,1.34953,216.598,0.314375,,,,
59.8794,1.35011,217.598,0.31635,,,,
59.979400000000005,1.35278,218.598,0.318327,,,,
60.0794,1.35705,219.598,0.320318,,,,
60.179399999999994,1.35626,220.598,0.322298,,,,
60.2794,1.35598,221.598,0.324279,,,,
60.3794,1.35655,222.598,0.326261,,,,
60.479400000000005,1.36564,223.598,0.328243,,,,
60.5794,1.36888,224.598,0.330226,,,,
60.679399999999994,1.36744,225.598,0.332209,,,,
60.7794,1.36711,226.598,0.334192,,,,
60.8794,1.3673,227.598,0.336176,,,,
60.979400000000005,1.36768,228.598,0.338161,,,,
61.0794,1.36806,229.598,0.340147,,,,
61.179399999999994,1.36832,230.598,0.342134,,,,
61.2794,1.36838,231.598,0.344123,,,,
61.3794,1.36955,232.598,0.346112,,,,
61.479400000000005,1.37836,233.598,0.348101,,,,
61.5794,1.38171,234.598,0.350091,,,,
61.679399999999994,1.38504,235.598,0.352081,,,,
61.7794,1.38314,236.598,0.35407,,,,
61.8794,1.38292,237.598,0.356059,,,,
61.979400000000005,1.38326,238.598,0.358061,,,,
62.0794,1.38383,239.598,0.36005,,,,
62.179399999999994,1.38451,240.598,0.362039,,,,
62.2794,1.38524,241.598,0.364029,,,,
62.3794,1.38595,242.598,0.366024,,,,
62.479400000000005,1.38659,243.598,0.368017,,,,
62.5794,1.38709,244.598,0.37,,,,
62.679399999999994,1.38736,245.598,0.371991,,,,
62.7794,1.38748,246.598,0.373981,,,,
62.8794,1.38985,247.598,0.375971,,,,
62.979400000000005,1.39814,248.598,0.377961,,,,
63.0794,1.39504,249.598,0.37995,,,,
63.179399999999994,1.40951,250.598,0.381937,,,,
63.2794,1.40466,251.598,0.383926,,,,
63.3794,1.40384,252.598,0.385911,,,,
63.479400000000005,1.40398,253.598,0.387897,,,,
63.5794,1.40467,254.598,0.389883,,,,
63.679399999999994,1.40537,255.598,0.391868,,,,
63.7794,1.40618,256.598,0.393853,,,,
63.8794,1.40704,257.598,0.395837,,,,
63.979400000000005,1.40792,258.598,0.397834,,,,
64.07939999999999,1.40881,259.598,0.399818,,,,
64.17939999999999,1.40967,260.598,0.4018,,,,
64.27940000000001,1.41049,261.598,0.403781,,,,
64.3794,1.41122,262.598,0.405761,,,,
64.4794,1.4118,263.598,0.40774,,,,
64.57939999999999,1.41212,264.598,0.409717,,,,
64.67939999999999,1.41217,265.598,0.411693,,,,
64.77940000000001,1.41405,266.598,0.413667,,,,
64.8794,1.42094,267.598,0.415641,,,,
64.9794,1.42232,268.598,0.417614,,,,
65.07939999999999,1.44029,269.598,0.419586,,,,
65.17939999999999,1.43031,270.598,0.421557,,,,
65.27940000000001,1.4288,271.598,0.423526,,,,
65.3794,1.42873,272.598,0.425495,,,,
65.4794,1.42911,273.598,0.427462,,,,
65.57939999999999,1.42983,274.598,0.429427,,,,
65.67939999999999,1.43067,275.598,0.43139,,,,
65.77940000000001,1.43158,276.598,0.433352,,,,
65.8794,1.43254,277.598,0.435312,,,,
65.9794,1.43353,278.598,0.43727,,,,
66.07939999999999,1.43454,279.598,0.439239,,,,
66.17939999999999,1.43556,280.598,0.441194,,,,
66.27940000000001,1.43657,281.598,0.443148,,,,
66.3794,1.43756,282.598,0.445099,,,,
66.4794,1.43851,283.598,0.447049,,,,
66.57939999999999,1.4394,284.598,0.448997,,,,
66.67939999999999,1.44017,285.598,0.450944,,,,
66.77940000000001,1.44077,286.598,0.452888,,,,
66.8794,1.44119,287.598,0.454831,,,,
66.9794,1.44293,288.598,0.456771,,,,
67.07939999999999,1.44705,289.598,0.45871,,,,
67.17939999999999,1.44986,290.598,0.460646,,,,
67.27940000000001,1.45517,291.598,0.462579,,,,
67.3794,1.45573,292.598,0.464511,,,,
67.4794,1.45564,293.598,0.46644,,,,
67.57939999999999,1.4561,294.598,0.468367,,,,
67.67939999999999,1.45683,295.598,0.470291,,,,
67.77940000000001,1.45772,296.598,0.472214,,,,
67.8794,1.4587,297.598,0.474134,,,,
67.9794,1.45974,298.598,0.476052,,,,
68.07939999999999,1.46081,299.598,0.477967,,,,
68.17939999999999,1.46191,300.598,0.479881,,,,
68.27940000000001,1.46303,301.598,0.481804,,,,
68.3794,1.46415,302.598,0.483713,,,,
68.4794,1.46528,303.598,0.485619,,,,
68.57939999999999,1.46642,304.598,0.487522,,,,
68.67939999999999,1.46755,305.598,0.489423,,,,
68.77940000000001,1.46868,306.598,0.49132,,,,
68.8794,1.46982,307.598,0.493215,,,,
68.9794,1.47095,308.598,0.495107,,,,
69.07939999999999,1.47209,309.598,0.496996,,,,
69.17939999999999,1.47326,310.598,0.498882,,,,
69.27940000000001,1.47449,311.598,0.500766,,,,
69.3794,1.47581,312.598,0.502646,,,,
69.4794,1.47726,313.598,0.504524,,,,
69.57939999999999,1.47881,314.598,0.5064,,,,
69.67939999999999,1.4804,315.598,0.508273,,,,
69.77940000000001,1.48197,316.598,0.510142,,,,
69.8794,1.48346,317.598,0.512009,,,,
69.9794,1.48488,318.598,0.513873,,,,
70.07939999999999,1.48621,319.598,0.515733,,,,
70.17939999999999,1.48749,320.598,0.51759,,,,
70.27940000000001,1.48873,321.598,0.519444,,,,
70.3794,1.48994,322.598,0.521295,,,,
70.4794,1.49115,323.598,0.523155,,,,
70.57939999999999,1.49235,324.598,0.524999,,,,
70.67939999999999,1.49354,325.598,0.526839,,,,
70.77940000000001,1.49474,326.598,0.528677,,,,
70.8794,1.49593,327.598,0.530511,,,,
70.9794,1.49712,328.598,0.532343,,,,
71.07939999999999,1.49832,329.598,0.534171,,,,
71.17939999999999,1.49951,330.598,0.535996,,,,
71.27940000000001,1.50071,331.598,0.537818,,,,
71.3794,1.50191,332.598,0.539636,,,,
71.4794,1.50311,333.598,0.541451,,,,
71.57939999999999,1.50431,334.598,0.543262,,,,
71.67939999999999,1.50552,335.598,0.545069,,,,
71.77940000000001,1.50673,336.598,0.546873,,,,
71.8794,1.50794,337.598,0.548672,,,,
71.9794,1.50916,338.598,0.550468,,,,
72.07939999999999,1.51039,339.598,0.552261,,,,
72.17939999999999,1.51162,340.598,0.554049,,,,
72.27940000000001,1.51286,341.598,0.555835,,,,
72.3794,1.51411,342.598,0.557616,,,,
72.4794,1.51537,343.598,0.559395,,,,
72.57939999999999,1.51664,344.598,0.561169,,,,
72.67939999999999,1.51791,345.598,0.562941,,,,
72.77940000000001,1.51918,346.598,0.564708,,,,
72.8794,1.52045,347.598,0.566484,,,,
72.9794,1.52173,348.598,0.568244,,,,
73.07939999999999,1.523,349.598,0.57,,,,
73.17939999999999,1.52426,350.598,0.571751,,,,
73.27940000000001,1.52552,351.598,0.573499,,,,
73.3794,1.52678,352.598,0.575242,,,,
73.4794,1.52803,353.598,0.576981,,,,
73.57939999999999,1.52945,354.598,0.578717,,,,
73.67939999999999,1.53069,355.598,0.580448,,,,
73.77940000000001,1.53193,356.598,0.582175,,,,
73.8794,1.53317,357.598,0.583899,,,,
73.9794,1.5344,358.598,0.585619,,,,
74.07939999999999,1.53562,359.598,0.587334,,,,
74.17939999999999,1.53685,360.598,0.589046,,,,
74.27940000000001,1.53807,361.598,0.590754,,,,
74.3794,1.53929,362.598,0.592458,,,,
74.4794,1.54051,363.598,0.594157,,,,
74.57939999999999,1.54173,364.598,0.595853,,,,
74.67939999999999,1.54295,365.598,0.597543,,,,
74.77940000000001,1.54417,366.598,0.59923,,,,
74.8794,1.54538,367.598,0.600912,,,,
74.9794,1.5466,368.598,0.602589,,,,
75.07939999999999,1.54781,369.598,0.604262,,,,
75.17939999999999,1.54903,370.598,0.605931,,,,
75.27940000000001,1.55025,371.598,0.607596,,,,
75.3794,1.55146,372.598,0.609269,,,,
75.4794,1.55268,373.598,0.610925,,,,
75.57939999999999,1.5539,374.598,0.612577,,,,
75.67939999999999,1.55512,375.598,0.614225,,,,
75.77940000000001,1.55634,376.598,0.615869,,,,
75.8794,1.55756,377.598,0.617508,,,,
75.9794,1.55878,378.598,0.619143,,,,
76.07939999999999,1.56,379.598,0.620773,,,,
76.17939999999999,1.56122,380.598,0.622399,,,,
76.27940000000001,1.56245,381.598,0.62402,,,,
76.3794,1.56367,382.598,0.625636,,,,
76.4794,1.56489,383.598,0.627248,,,,
76.57939999999999,1.56611,384.598,0.628855,,,,
76.67939999999999,1.56734,385.598,0.630457,,,,
76.77940000000001,1.56856,386.598,0.632055,,,,
76.8794,1.56978,387.598,0.633648,,,,
76.9794,1.57101,388.598,0.635237,,,,
77.07939999999999,1.57223,389.598,0.636822,,,,
77.17939999999999,1.57345,390.598,0.638402,,,,
77.27940000000001,1.57467,391.598,0.639978,,,,
77.3794,1.57589,392.598,0.641549,,,,
77.4794,1.5771,393.598,0.643115,,,,
77.57939999999999,1.57832,394.598,0.644676,,,,
77.67939999999999,1.57953,395.598,0.646233,,,,
77.77940000000001,1.58075,396.598,0.647785,,,,
77.8794,1.58196,397.598,0.649344,,,,
77.9794,1.58317,398.598,0.650886,,,,
78.07939999999999,1.58438,399.598,0.652423,,,,
78.17939999999999,1.58559,400.598,0.653956,,,,
78.27940000000001,1.5868,401.598,0.655484,,,,
78.3794,1.58801,402.598,0.657007,,,,
78.4794,1.58922,403.598,0.658525,,,,
78.57939999999999,1.59042,404.598,0.660038,,,,
78.67939999999999,1.59163,405.598,0.661547,,,,
78.77940000000001,1.59283,406.598,0.663051,,,,
78.8794,1.59404,407.598,0.664551,,,,
78.9794,1.59524,408.598,0.666045,,,,
79.07939999999999,1.59644,409.598,0.667535,,,,
79.17939999999999,1.59764,410.598,0.66902,,,,
79.27940000000001,1.59884,411.598,0.6705,,,,
79.3794,1.60004,412.598,0.671974,,,,
79.4794,1.60124,413.598,0.673444,,,,
79.57939999999999,1.60244,414.598,0.674909,,,,
79.67939999999999,1.60364,415.598,0.676369,,,,
79.77940000000001,1.60483,416.598,0.677823,,,,
79.8794,1.60603,417.598,0.679273,,,,
79.9794,1.60722,418.598,0.680718,,,,
80.07939999999999,1.60842,419.598,0.682158,,,,
80.17939999999999,1.60962,420.598,0.683593,,,,
80.27940000000001,1.61081,421.598,0.685023,,,,
80.3794,1.612,422.598,0.686448,,,,
80.4794,1.6132,423.598,0.687869,,,,
80.57939999999999,1.61439,424.598,0.689296,,,,
80.67939999999999,1.61558,425.598,0.690706,,,,
80.77940000000001,1.61678,426.598,0.692111,,,,
80.8794,1.61797,427.598,0.693511,,,,
80.9794,1.61916,428.598,0.694906,,,,
81.07939999999999,1.62035,429.598,0.696296,,,,
81.17939999999999,1.62154,430.598,0.697681,,,,
81.27940000000001,1.62273,431.598,0.69906,,,,
81.3794,1.62392,432.598,0.700435,,,,
81.4794,1.62511,433.598,0.701804,,,,
81.57939999999999,1.62629,434.598,0.703169,,,,
81.67939999999999,1.62748,435.598,0.704528,,,,
81.77940000000001,1.62867,436.598,0.705882,,,,
81.8794,1.62985,437.598,0.707231,,,,
81.9794,1.63104,438.598,0.708575,,,,
82.07939999999999,1.63223,439.598,0.709914,,,,
82.17939999999999,1.63341,440.598,0.711248,,,,
82.27940000000001,1.63459,441.598,0.712577,,,,
82.3794,1.63578,442.598,0.7139,,,,
82.4794,1.63696,443.598,0.715219,,,,
82.57939999999999,1.63814,444.598,0.716532,,,,
82.67939999999999,1.63933,445.598,0.71784,,,,
82.77940000000001,1.64051,446.598,0.719142,,,,
82.8794,1.64169,447.598,0.72044,,,,
82.9794,1.64287,448.598,0.721733,,,,
83.07939999999999,1.64405,449.598,0.72302,,,,
83.17939999999999,1.64523,450.598,0.724302,,,,
83.27940000000001,1.64641,451.598,0.725579,,,,
83.3794,1.64759,452.598,0.726862,,,,
83.4794,1.64876,453.598,0.728128,,,,
83.57939999999999,1.64994,454.598,0.729389,,,,
83.67939999999999,1.65112,455.598,0.730645,,,,
83.77940000000001,1.65229,456.598,0.731896,,,,
83.8794,1.65347,457.598,0.733142,,,,
83.9794,1.65464,458.598,0.734382,,,,
84.07939999999999,1.65582,459.598,0.735617,,,,
84.17939999999999,1.65715,460.598,0.736847,,,,
84.27940000000001,1.65833,461.598,0.738072,,,,
84.3794,1.6595,462.598,0.739292,,,,
84.4794,1.66067,463.598,0.740506,,,,
84.57939999999999,1.66184,,,,,,
84.67939999999999,1.66301,,,,,,
84.77940000000001,1.66418,,,,,,
84.8794,1.66535,,,,,,
84.9794,1.66651,,,,,,
85.07939999999999,1.66768,,,,,,
85.17939999999999,1.66885,,,,,,
85.27940000000001,1.67001,,,,,,
85.3794,1.67118,,,,,,
85.4794,1.67234,,,,,,
85.57939999999999,1.67351,,,,,,
85.67939999999999,1.67467,,,,,,
85.77940000000001,1.67583,,,,,,
85.8794,1.67699,,,,,,
85.9794,1.67816,,,,,,
86.07939999999999,1.67932,,,,,,
86.17939999999999,1.68048,,,,,,
86.27940000000001,1.68163,,,,,,
86.3794,1.68279,,,,,,
86.4794,1.68395,,,,,,
86.57939999999999,1.68511,,,,,,
86.67939999999999,1.68626,,,,,,
86.77940000000001,1.68742,,,,,,
86.8794,1.68857,,,,,,
86.9794,1.68973,,,,,,
87.07939999999999,1.69088,,,,,,
87.17939999999999,1.69203,,,,,,
87.27940000000001,1.69318,,,,,,
87.3794,1.69434,,,,,,
87.4794,1.69549,,,,,,
87.57939999999999,1.69664,,,,,,
87.67939999999999,1.69779,,,,,,
87.77940000000001,1.69893,,,,,,
87.8794,1.70008,,,,,,
87.9794,1.70123,,,,,,
88.07939999999999,1.70238,,,,,,
88.17939999999999,1.70352,,,,,,
88.27940000000001,1.70467,,,,,,
88.3794,1.70581,,,,,,
88.4794,1.70696,,,,,,
88.57939999999999,1.7081,,,,,,
88.67939999999999,1.70924,,,,,,
88.77940000000001,1.71039,,,,,,
88.8794,1.71153,,,,,,
88.9794,1.71267,,,,,,
89.07939999999999,1.71381,,,,,,
90.07939999999999,1.72519,,,,,,
91.07939999999999,1.73651,,,,,,
92.07939999999999,1.74777,,,,,,
93.07939999999999,1.75896,,,,,,
94.07939999999999,1.77008,,,,,,
95.07939999999999,1.78113,,,,,,
96.07939999999999,1.79226,,,,,,
97.07939999999999,1.80317,,,,,,
98.07939999999999,1.81403,,,,,,
99.07939999999999,1.82483,,,,,,
100.07939999999999,1.83556,,,,,,
101.07939999999999,1.84623,,,,,,
102.07939999999999,1.85682,,,,,,
103.07939999999999,1.86734,,,,,,
104.07939999999999,1.8778,,,,,,
105.07939999999999,1.88819,,,,,,
106.07939999999999,1.89852,,,,,,
107.07939999999999,1.90893,,,,,,
108.07939999999999,1.91914,,,,,,
109.07939999999999,1.92927,,,,,,
110.07939999999999,1.93934,,,,,,
111.07939999999999,1.94935,,,,,,
112.07939999999999,1.95929,,,,,,
113.07939999999999,1.96919,,,,,,
114.07939999999999,1.97908,,,,,,
115.07939999999999,1.98869,,,,,,
116.07939999999999,1.99836,,,,,,
117.07939999999999,2.00798,,,,,,
118.07939999999999,2.01712,,,,,,
119.07939999999999,2.02702,,,,,,
120.07939999999999,2.03613,,,,,,
121.07939999999999,2.04574,,,,,,
122.07939999999999,2.05461,,,,,,
123.07939999999999,2.06406,,,,,,
124.07939999999999,2.07324,,,,,,
125.07939999999999,2.08218,,,,,,
126.07939999999999,2.09121,,,,,,
127.07939999999999,2.10015,,,,,,
128.0794,2.10898,,,,,,
129.0794,2.11777,,,,,,
130.0794,2.1265,,,,,,
131.0794,2.13515,,,,,,
132.0794,2.14374,,,,,,
133.0794,2.15236,,,,,,
134.0794,2.16082,,,,,,
135.0794,2.16922,,,,,,
136.0794,2.17755,,,,,,
137.0794,2.18582,,,,,,
138.0794,2.19402,,,,,,
139.0794,2.20215,,,,,,
140.0794,2.21022,,,,,,
141.0794,2.21822,,,,,,
142.0794,2.22616,,,,,,
143.0794,2.23404,,,,,,
144.0794,2.24186,,,,,,
145.0794,2.24962,,,,,,
146.0794,2.25731,,,,,,
147.0794,2.26502,,,,,,
148.0794,2.27258,,,,,,
149.0794,2.28008,,,,,,
150.0794,2.28751,,,,,,
151.0794,2.29488,,,,,,
152.0794,2.30219,,,,,,
153.0794,2.30944,,,,,,
154.0794,2.31663,,,,,,
155.0794,2.32376,,,,,,
156.0794,2.33083,,,,,,
157.0794,2.33784,,,,,,
158.0794,2.34478,,,,,,
159.0794,2.35166,,,,,,
160.0794,2.35847,,,,,,
161.0794,2.3653,,,,,,
162.0794,2.372,,,,,,
163.0794,2.37864,,,,,,
164.0794,2.38522,,,,,,
165.0794,2.39174,,,,,,
166.0794,2.39821,,,,,,
167.0794,2.40461,,,,,,
168.0794,2.41096,,,,,,
169.0794,2.41724,,,,,,
170.0794,2.42346,,,,,,
171.0794,2.42962,,,,,,
172.0794,2.43573,,,,,,
173.0794,2.44178,,,,,,
174.0794,2.44778,,,,,,
175.0794,2.45372,,,,,,
176.0794,2.45966,,,,,,
177.0794,2.46548,,,,,,
178.0794,2.47125,,,,,,
179.0794,2.47696,,,,,,
180.0794,2.48261,,,,,,
181.0794,2.4882,,,,,,
182.0794,2.49374,,,,,,
183.0794,2.49922,,,,,,
184.0794,2.50465,,,,,,
185.0794,2.51003,,,,,,
186.0794,2.51535,,,,,,
187.0794,2.52065,,,,,,
188.0794,2.52584,,,,,,
189.0794,2.53101,,,,,,
190.0794,2.5361,,,,,,
191.0794,2.54118,,,,,,
192.0794,2.5462,,,,,,
193.0794,2.55114,,,,,,
194.0794,2.55604,,,,,,
195.0794,2.56088,,,,,,
196.0794,2.56566,,,,,,
197.0794,2.5704,,,,,,
198.0794,2.57508,,,,,,
199.0794,2.57972,,,,,,
200.0794,2.5843,,,,,,
201.0794,2.58883,,,,,,
202.0794,2.59331,,,,,,
203.0794,2.59773,,,,,,
204.0794,2.60211,,,,,,
205.0794,2.60643,,,,,,
206.0794,2.61071,,,,,,
207.0794,2.61493,,,,,,
208.0794,2.61911,,,,,,
209.0794,2.62329,,,,,,
210.0794,2.62737,,,,,,
211.0794,2.6314,,,,,,
212.0794,2.63538,,,,,,
213.0794,2.63932,,,,,,
214.0794,2.6432,,,,,,
215.0794,2.64704,,,,,,
216.0794,2.65083,,,,,,
217.0794,2.65457,,,,,,
218.0794,2.65827,,,,,,
219.0794,2.66192,,,,,,
220.0794,2.66552,,,,,,
221.0794,2.66908,,,,,,
222.0794,2.67259,,,,,,
223.0794,2.67606,,,,,,
224.0794,2.67948,,,,,,
225.0794,2.68285,,,,,,
226.0794,2.68618,,,,,,
227.0794,2.68951,,,,,,
228.0794,2.69275,,,,,,
229.0794,2.69594,,,,,,
230.0794,2.69909,,,,,,
231.0794,2.7022,,,,,,
232.0794,2.70526,,,,,,
233.0794,2.70828,,,,,,
234.0794,2.71126,,,,,,
235.0794,2.7142,,,,,,
236.0794,2.71709,,,,,,
237.0794,2.71994,,,,,,
238.0794,2.72274,,,,,,
239.0794,2.72551,,,,,,
240.0794,2.72823,,,,,,
241.0794,2.73091,,,,,,
242.0794,2.73355,,,,,,
243.0794,2.73615,,,,,,
244.0794,2.73871,,,,,,
245.0794,2.74126,,,,,,
246.0794,2.74374,,,,,,
247.0794,2.74618,,,,,,
248.0794,2.74857,,,,,,
249.0794,2.75093,,,,,,
250.0794,2.75325,,,,,,
251.0794,2.75553,,,,,,
252.0794,2.75777,,,,,,
253.0794,2.75997,,,,,,
254.0794,2.76213,,,,,,
255.0794,2.76426,,,,,,
256.0794,2.76634,,,,,,
257.0794,2.76839,,,,,,
258.0794,2.7704,,,,,,
259.0794,2.77237,,,,,,
260.0794,2.77431,,,,,,
261.0794,2.7762,,,,,,
262.0794,2.77807,,,,,,
263.0794,2.77989,,,,,,
264.0794,2.78172,,,,,,
265.0794,2.78347,,,,,,
266.0794,2.78519,,,,,,
267.0794,2.78687,,,,,,
268.0794,2.78851,,,,,,
269.0794,2.79012,,,,,,
270.0794,2.7917,,,,,,
271.0794,2.79324,,,,,,
272.0794,2.79474,,,,,,
273.0794,2.79622,,,,,,
274.0794,2.79765,,,,,,
275.0794,2.79906,,,,,,
276.0794,2.80043,,,,,,
277.0794,2.80177,,,,,,
278.0794,2.80307,,,,,,
279.0794,2.80434,,,,,,
280.0794,2.80558,,,,,,
281.0794,2.80679,,,,,,
282.0794,2.80796,,,,,,
283.0794,2.8091,,,,,,
284.0794,2.81023,,,,,,
285.0794,2.81131,,,,,,
286.0794,2.81235,,,,,,
287.0794,2.81337,,,,,,
288.0794,2.81435,,,,,,
289.0794,2.8153,,,,,,
290.0794,2.81622,,,,,,
291.0794,2.81712,,,,,,
292.0794,2.81798,,,,,,
293.0794,2.81881,,,,,,
294.0794,2.81961,,,,,,
295.0794,2.82037,,,,,,
296.0794,2.82111,,,,,,
297.0794,2.82182,,,,,,
298.0794,2.8225,,,,,,
299.0794,2.82316,,,,,,
300.0794,2.82378,,,,,,
301.0794,2.82437,,,,,,
302.0794,2.82494,,,,,,
303.0794,2.82548,,,,,,
304.0794,2.82599,,,,,,
305.0794,2.82651,,,,,,
306.0794,2.82696,,,,,,
307.0794,2.82739,,,,,,
308.0794,2.82779,,,,,,
309.0794,2.82816,,,,,,
310.0794,2.82851,,,,,,
311.0794,2.82883,,,,,,
312.0794,2.82912,,,,,,
313.0794,2.82939,,,,,,
314.0794,2.82963,,,,,,
315.0794,2.82985,,,,,,
316.0794,2.83004,,,,,,
317.0794,2.8302,,,,,,
318.0794,2.83035,,,,,,
319.0794,2.83046,,,,,,
320.0794,2.83055,,,,,,
321.0794,2.83061,,,,,,
322.0794,2.83065,,,,,,
323.0794,2.83067,,,,,,
324.0794,2.83066,,,,,,
325.0794,2.83063,,,,,,
326.0794,2.83057,,,,,,
327.0794,2.83051,,,,,,
328.0794,2.83041,,,,,,
329.0794,2.83028,,,,,,
330.0794,2.83013,,,,,,
331.0794,2.82996,,,,,,
332.0794,2.82977,,,,,,
333.0794,2.82955,,,,,,
334.0794,2.82931,,,,,,
335.0794,2.82905,,,,,,
336.0794,2.82876,,,,,,
337.0794,2.82845,,,,,,
338.0794,2.82812,,,,,,
339.0794,2.82777,,,,,,
340.0794,2.8274,,,,,,
341.0794,2.827,,,,,,
342.0794,2.82659,,,,,,
343.0794,2.82615,,,,,,
344.0794,2.8257,,,,,,
345.0794,2.82522,,,,,,
346.0794,2.82472,,,,,,
347.0794,2.82421,,,,,,
348.0794,2.82367,,,,,,
349.0794,2.82314,,,,,,
350.0794,2.82256,,,,,,
351.0794,2.82197,,,,,,
352.0794,2.82135,,,,,,
353.0794,2.82071,,,,,,
354.0794,2.82006,,,,,,
355.0794,2.81938,,,,,,
356.0794,2.81869,,,,,,
357.0794,2.81798,,,,,,
358.0794,2.81725,,,,,,
359.0794,2.8165,,,,,,
360.0794,2.81574,,,,,,
361.0794,2.81495,,,,,,
362.0794,2.81415,,,,,,
363.0794,2.81333,,,,,,
364.0794,2.8125,,,,,,
365.0794,2.81164,,,,,,
366.0794,2.81077,,,,,,
367.0794,2.80988,,,,,,
368.0794,2.80898,,,,,,
369.0794,2.80805,,,,,,
370.0794,2.80711,,,,,,
371.0794,2.80615,,,,,,
372.0794,2.80518,,,,,,
373.0794,2.80422,,,,,,
374.0794,2.80321,,,,,,
375.0794,2.80219,,,,,,
376.0794,2.80116,,,,,,
377.0794,2.8001,,,,,,
378.0794,2.79904,,,,,,
379.0794,2.79796,,,,,,
380.0794,2.79686,,,,,,
381.0794,2.79574,,,,,,
382.0794,2.79462,,,,,,
383.0794,2.79347,,,,,,
384.0794,2.79232,,,,,,
385.0794,2.79114,,,,,,
386.0794,2.78995,,,,,,
387.0794,2.78875,,,,,,
388.0794,2.78754,,,,,,
389.0794,2.78631,,,,,,
390.0794,2.78506,,,,,,
391.0794,2.78381,,,,,,
392.0794,2.78254,,,,,,
393.0794,2.78126,,,,,,
394.0794,2.77996,,,,,,
395.0794,2.77865,,,,,,
396.0794,2.77733,,,,,,
397.0794,2.77599,,,,,,
398.0794,2.77467,,,,,,
399.0794,2.7733,,,,,,
400.0794,2.77193,,,,,,
401.0794,2.77054,,,,,,
402.0794,2.76914,,,,,,
403.0794,2.76773,,,,,,
404.0794,2.76631,,,,,,
405.0794,2.76487,,,,,,
406.0794,2.76342,,,,,,
407.0794,2.76197,,,,,,
408.0794,2.7605,,,,,,
409.0794,2.75902,,,,,,
410.0794,2.75752,,,,,,
411.0794,2.75602,,,,,,
412.0794,2.7545,,,,,,
413.0794,2.75298,,,,,,
414.0794,2.75144,,,,,,
415.0794,2.74989,,,,,,
416.0794,2.74833,,,,,,
417.0794,2.74676,,,,,,
418.0794,2.74518,,,,,,
419.0794,2.74359,,,,,,
420.0794,2.74199,,,,,,
421.0794,2.74038,,,,,,
422.0794,2.73876,,,,,,
423.0794,2.73716,,,,,,
424.0794,2.73552,,,,,,
425.0794,2.73387,,,,,,
426.0794,2.73222,,,,,,
427.0794,2.73055,,,,,,
428.0794,2.72887,,,,,,
429.0794,2.72719,,,,,,
430.0794,2.72549,,,,,,
431.0794,2.72379,,,,,,
432.0794,2.72208,,,,,,
433.0794,2.72035,,,,,,
434.0794,2.71862,,,,,,
435.0794,2.71688,,,,,,
436.0794,2.71514,,,,,,
437.0794,2.71338,,,,,,
438.0794,2.71162,,,,,,
439.0794,2.70985,,,,,,
440.0794,2.70807,,,,,,
441.0794,2.70628,,,,,,
442.0794,2.70449,,,,,,
443.0794,2.70268,,,,,,
444.0794,2.70087,,,,,,
445.0794,2.69906,,,,,,
446.0794,2.69723,,,,,,
447.0794,2.6954,,,,,,
448.0794,2.69356,,,,,,
449.0794,2.69171,,,,,,
450.0794,2.68988,,,,,,
451.0794,2.68802,,,,,,
452.0794,2.68615,,,,,,
453.0794,2.68428,,,,,,
454.0794,2.6824,,,,,,
455.0794,2.68051,,,,,,
456.0794,2.67862,,,,,,
457.0794,2.67672,,,,,,
458.0794,2.67481,,,,,,
459.0794,2.6729,,,,,,
460.0794,2.67098,,,,,,
461.0794,2.66906,,,,,,
462.0794,2.66713,,,,,,
463.0794,2.66519,,,,,,
464.0794,2.66325,,,,,,
465.0794,2.6613,,,,,,
466.0794,2.65935,,,,,,
467.0794,2.65739,,,,,,
468.0794,2.65543,,,,,,
469.0794,2.65346,,,,,,
470.0794,2.65148,,,,,,
471.0794,2.6495,,,,,,
472.0794,2.64752,,,,,,
473.0794,2.64553,,,,,,
474.0794,2.64354,,,,,,
475.0794,2.64154,,,,,,
476.0794,2.63954,,,,,,
477.0794,2.63753,,,,,,
478.0794,2.63554,,,,,,
479.0794,2.63353,,,,,,
480.0794,2.6315,,,,,,
481.0794,2.62948,,,,,,
482.0794,2.62745,,,,,,
483.0794,2.62542,,,,,,
484.0794,2.62338,,,,,,
485.0794,2.62134,,,,,,
486.0794,2.61929,,,,,,
487.0794,2.61724,,,,,,
488.0794,2.61519,,,,,,
489.0794,2.61313,,,,,,
